Workbook

Sheet นับเกื้อกูล
A1: แปลง พศ เป็น คศ => | B1: 243497 | C1: =IF(AND(LEFT(B1,2)="29",MID(B1,4,1)="2"),LEFT(B1,2)&"/"&MID(B1,4,1)&"/"&RIGHT(B1,4)-543,EDATE(B1,-543*12)) -> 45170
A2: เลข ปชช | B2: เกื้อกูล เริ่มต้น | C2: เกื้อกูล สิ้นสุด | D2: ปี | E2: เดือน | F2: วัน | G2: จำนวนวันทั้งหมด | H2: สัดส่วน (%) | I2: จำนวนวันเกื้อกูล | J2: เกื้อกูล สิ้นสุด สุทธิ | K2: ปี เกื้อกูลสุทธิ | L2: เดือน เกื้อกูลสุทธิ | M2: วัน เกื้อกูลสุทธิ
A3: 1234567890001 | B3: 42005 | C3: 43101 | D3: =DATEDIF(B3,C3,"Y") -> 3 | E3: =DATEDIF(B3,C3,"YM") -> 0 | F3: =DATEDIF(B3,C3,"MD") -> 0 | G3: =C3-B3 -> 1096 | H3: 100 | I3: =G3*H3% -> 1096 | J3: =B3+I3 -> 43101 | K3: =DATEDIF(B3,J3,"Y") -> 3 | L3: =DATEDIF(B3,J3,"YM") -> 0 | M3: =DATEDIF(B3,J3,"MD") -> 0
A4: 1234567890002 | B4: 42005 | C4: 43101 | D4: =DATEDIF(B4,C4,"Y") -> 3 | E4: =DATEDIF(B4,C4,"YM") -> 0 | F4: =DATEDIF(B4,C4,"MD") -> 0 | G4: =C4-B4 -> 1096 | H4: 50 | I4: =G4*H4% -> 548 | J4: =B4+I4 -> 42553 | K4: =DATEDIF(B4,J4,"Y") -> 1 | L4: =DATEDIF(B4,J4,"YM") -> 6 | M4: =DATEDIF(B4,J4,"MD") -> 1
A5: 1234567890003 | B5: 40725 | C5: 45214 | D5: =DATEDIF(B5,C5,"Y") -> 12 | E5: =DATEDIF(B5,C5,"YM") -> 3 | F5: =DATEDIF(B5,C5,"MD") -> 14 | G5: =C5-B5 -> 4489 | H5: 100 | I5: =G5*H5% -> 4489 | J5: =B5+I5 -> 45214 | K5: =DATEDIF(B5,J5,"Y") -> 12 | L5: =DATEDIF(B5,J5,"YM") -> 3 | M5: =DATEDIF(B5,J5,"MD") -> 14
A6: 1234567890004 | B6: 43800 | C6: 45170 | D6: =DATEDIF(B6,C6,"Y") -> 3 | E6: =DATEDIF(B6,C6,"YM") -> 9 | F6: =DATEDIF(B6,C6,"MD") -> 0 | G6: =C6-B6 -> 1370 | H6: 100 | I6: =G6*H6% -> 1370 | J6: =B6+I6 -> 45170 | K6: =DATEDIF(B6,J6,"Y") -> 3 | L6: =DATEDIF(B6,J6,"YM") -> 9 | M6: =DATEDIF(B6,J6,"MD") -> 0
A7: 1234567890005 | B7: 38353 | C7: 40909 | D7: =DATEDIF(B7,C7,"Y") -> 7 | E7: =DATEDIF(B7,C7,"YM") -> 0 | F7: =DATEDIF(B7,C7,"MD") -> 0 | G7: =C7-B7 -> 2556 | H7: 80 | I7: =G7*H7% -> 2044.8 | J7: =B7+I7 -> 40397.8 | K7: =DATEDIF(B7,J7,"Y") -> 5 | L7: =DATEDIF(B7,J7,"YM") -> 7 | M7: =DATEDIF(B7,J7,"MD") -> 6
A8: 1234567890006 | B8: 44927 | C8: =TODAY() -> 46102 | D8: =DATEDIF(B8,C8,"Y") -> 3 | E8: =DATEDIF(B8,C8,"YM") -> 2 | F8: =DATEDIF(B8,C8,"MD") -> 20 | G8: =C8-B8 -> 1175 | H8: 100 | I8: =G8*H8% -> 1175 | J8: =B8+I8 -> 46102 | K8: =DATEDIF(B8,J8,"Y") -> 3 | L8: =DATEDIF(B8,J8,"YM") -> 2 | M8: =DATEDIF(B8,J8,"MD") -> 20

Sheet นับวันใน-ตน.
A1: แปลง พศ เป็น คศ => | B1: 243523 | C1: =IF(AND(LEFT(B1,2)="29",MID(B1,4,1)="2"),LEFT(B1,2)&"/"&MID(B1,4,1)&"/"&RIGHT(B1,4)-543,EDATE(B1,-543*12)) -> 45196
A2: เลข ปชช | B2: ตน.ที่จะเลื่อน | C2: วัน เริ่มต้น | D2: วัน สิ้นสุด | E2: ปี | F2: เดือน | G2: วัน | H2: จำนวนวันทั้งหมด
A3: 1234567890001 | C3: 42005 | D3: 43101 | E3: =DATEDIF(C3,D3,"Y") -> 3 | F3: =DATEDIF(C3,D3,"YM") -> 0 | G3: =DATEDIF(C3,D3,"MD") -> 0 | H3: =D3-C3 -> 1096
A4: 1234567890002 | B4: นักทรัพยากรบุคคล | C4: 42005 | D4: 43101 | E4: =DATEDIF(C4,D4,"Y") -> 3 | F4: =DATEDIF(C4,D4,"YM") -> 0 | G4: =DATEDIF(C4,D4,"MD") -> 0 | H4: =D4-C4 -> 1096
A5: 1234567890003 | B5: นักทรัพยากรบุคคล | C5: 38353 | D5: 40909 | E5: =DATEDIF(C5,D5,"Y") -> 7 | F5: =DATEDIF(C5,D5,"YM") -> 0 | G5: =DATEDIF(C5,D5,"MD") -> 0 | H5: =D5-C5 -> 2556
A6: 1234567890004 | B6: นักทรัพยากรบุคคล | C6: 44197 | D6: 44927 | E6: =DATEDIF(C6,D6,"Y") -> 2 | F6: =DATEDIF(C6,D6,"YM") -> 0 | G6: =DATEDIF(C6,D6,"MD") -> 0 | H6: =D6-C6 -> 730

Sheet นับต่าง
A1: แปลง พศ เป็น คศ => | B1: 243523 | C1: =IF(AND(LEFT(B1,2)="29",MID(B1,4,1)="2"),LEFT(B1,2)&"/"&MID(B1,4,1)&"/"&RIGHT(B1,4)-543,EDATE(B1,-543*12)) -> 45196
A2: เลข ปชช | B2: ตน.เดิม | C2: กลุ่มงาน | D2: กอง | E2: กรม | F2: จังหวัด | G2: วัน เริ่มต้น | H2: วัน สิ้นสุด | I2: ปี | J2: เดือน | K2: วัน | L2: จำนวนวันทั้งหมด | M2: ตน.ใหม่ | N2: กลุ่มงาน | O2: กอง | P2: กรม | Q2: จังหวัด | R2: วัน เริ่มต้น | S2: วัน สิ้นสุด | T2: ปี | U2: เดือน | V2: วัน | W2: จำนวนวันทั้งหมด | X2: ต่างสายงาน | Y2: ต่างหน่วยงาน | Z2: ต่างพื้นที่ | AA2: ต่างลักษณะงาน | AB2: ครบ 3 ต่าง | AC2: วันที่ครบ 3 ต่าง
A3: 1234567890001 | B3: นักทรัพยากรบุคคล | C3: สรรหา | D3: กองบริหารทรัพยากรบุคคล | E3: สำนักงานปลัดกระทรวงยุติธรรม | F3: กรุงเทพ | G3: 42005 | H3: 43101 | I3: =DATEDIF(G3,H3,"Y") -> 3 | J3: =DATEDIF(G3,H3,"YM") -> 0 | K3: =DATEDIF(G3,H3,"MD") -> 0 | L3: =H3-G3 -> 1096 | M3: นักวิชาการยุติธรรม | P3: สำนักงานปลัดกระทรวงยุติธรรม | Q3: นนทบุรี | R3: 43101 | S3: 43466 | T3: =DATEDIF(R3,S3,"Y") -> 1 | U3: =DATEDIF(R3,S3,"YM") -> 0 | V3: =DATEDIF(R3,S3,"MD") -> 0 | W3: =S3-R3 -> 365 | X3: =_xlfn.IFS(AND(B3<>M3,AND(I3>=2,T3>=2)),2,AND(B3<>M3,OR(I3>=2,T3>=2)),1,TRUE,0) -> 1 | Y3: =_xlfn.IFS(X3>0,0,AND(OR(D3<>O3,E3<>P3),AND(I3>=2,T3>=2)),2,X3>0,0,AND(OR(D3<>O3,E3<>P3),OR(I3>=2,T3>=2)),1,TRUE,0) -> 0 | Z3: =_xlfn.IFS(OR(X3>0,Y3>0),0,AND(F3<>Q3,AND(I3>=2,T3>=2)),2,OR(X3>0,Y3>0),0,AND(F3<>Q3,OR(I3>=2,T3>=2)),1,TRUE,0) -> 0 | AA3: =_xlfn.IFS(OR(X3>0,Y3>0,Z3>0),0,AND(B3=M3,C3<>N3,AND(I3>=2,T3>=2)),2,AND(B3=M3,C3<>N3,OR(I3>=2,T3>=2)),1,AND(B3=M3,C3=N3,L3+W3>=730),1,TRUE,0) -> 0 | AB3: =_xlfn.IFS(A3<>A2,SUM(X3:AA3),A3=A2,SUM(X3:AA3)+AB2,TRUE,Check data) -> 1 | AC3: =IF(AB3>=3,S3,"")
A4: 1234567890001 | B4: นักทรัพยากรบุคคล | C4: ข้อมูล | D4: กองบริหารทรัพยากรบุคคล | E4: สำนักงานปลัดกระทรวงยุติธรรม | F4: กรุงเทพ | G4: 42005 | H4: 43101 | I4: =DATEDIF(G4,H4,"Y") -> 3 | J4: =DATEDIF(G4,H4,"YM") -> 0 | K4: =DATEDIF(G4,H4,"MD") -> 0 | L4: =H4-G4 -> 1096 | M4: นักทรัพยากรบุคคล | N4: สรรหา | O4: บริหารทรัพยากรบุคคล | Q4: กรุงเทพ | R4: 42005 | S4: 43101 | T4: =DATEDIF(R4,S4,"Y") -> 3 | U4: =DATEDIF(R4,S4,"YM") -> 0 | V4: =DATEDIF(R4,S4,"MD") -> 0 | W4: =S4-R4 -> 1096 | X4: =_xlfn.IFS(AND(B4<>M4,AND(I4>=2,T4>=2)),2,AND(B4<>M4,OR(I4>=2,T4>=2)),1,TRUE,0) -> 0 | Y4: =_xlfn.IFS(X4>0,0,AND(OR(D4<>O4,E4<>P4),AND(I4>=2,T4>=2)),2,X4>0,0,AND(OR(D4<>O4,E4<>P4),OR(I4>=2,T4>=2)),1,TRUE,0) -> 2 | Z4: =_xlfn.IFS(OR(X4>0,Y4>0),0,AND(F4<>Q4,AND(I4>=2,T4>=2)),2,OR(X4>0,Y4>0),0,AND(F4<>Q4,OR(I4>=2,T4>=2)),1,TRUE,0) -> 0 | AA4: =_xlfn.IFS(OR(X4>0,Y4>0,Z4>0),0,AND(B4=M4,C4<>N4,AND(I4>=2,T4>=2)),2,AND(B4=M4,C4<>N4,OR(I4>=2,T4>=2)),1,AND(B4=M4,C4=N4,L4+W4>=730),1,TRUE,0) -> 0 | AB4: =_xlfn.IFS(A4<>A3,SUM(X4:AA4),A4=A3,SUM(X4:AA4)+AB3,TRUE,Check data) -> 3 | AC4: =IF(AB4>=3,S4,"") -> 43101
A5: 1234567890001 | B5: นักทรัพยากรบุคคล | C5: ข้อมูล | D5: กองบริหารทรัพยากรบุคคล | E5: สำนักงานปลัดกระทรวงยุติธรรม | F5: กรุงเทพ | G5: 38353 | H5: 38718 | I5: =DATEDIF(G5,H5,"Y") -> 1 | J5: =DATEDIF(G5,H5,"YM") -> 0 | K5: =DATEDIF(G5,H5,"MD") -> 0 | L5: =H5-G5 -> 365 | M5: นักทรัพยากรบุคคล | N5: ข้อมูล | O5: บริหารทรัพยากรบุคคล | R5: 41640 | S5: 42005 | T5: =DATEDIF(R5,S5,"Y") -> 1 | U5: =DATEDIF(R5,S5,"YM") -> 0 | V5: =DATEDIF(R5,S5,"MD") -> 0 | W5: =S5-R5 -> 365 | X5: =_xlfn.IFS(AND(B5<>M5,AND(I5>=2,T5>=2)),2,AND(B5<>M5,OR(I5>=2,T5>=2)),1,TRUE,0) -> 0 | Y5: =_xlfn.IFS(X5>0,0,AND(OR(D5<>O5,E5<>P5),AND(I5>=2,T5>=2)),2,X5>0,0,AND(OR(D5<>O5,E5<>P5),OR(I5>=2,T5>=2)),1,TRUE,0) -> 0 | Z5: =_xlfn.IFS(OR(X5>0,Y5>0),0,AND(F5<>Q5,AND(I5>=2,T5>=2)),2,OR(X5>0,Y5>0),0,AND(F5<>Q5,OR(I5>=2,T5>=2)),1,TRUE,0) -> 0 | AA5: =_xlfn.IFS(OR(X5>0,Y5>0,Z5>0),0,AND(B5=M5,C5<>N5,AND(I5>=2,T5>=2)),2,AND(B5=M5,C5<>N5,OR(I5>=2,T5>=2)),1,AND(B5=M5,C5=N5,L5+W5>=730),1,TRUE,0) -> 1 | AB5: =_xlfn.IFS(A5<>A4,SUM(X5:AA5),A5=A4,SUM(X5:AA5)+AB4,TRUE,Check data) -> 4 | AC5: =IF(AB5>=3,S5,"") -> 42005
A6: 1234567890002 | I6: =DATEDIF(G6,H6,"Y") -> 0 | J6: =DATEDIF(G6,H6,"YM") -> 0 | K6: =DATEDIF(G6,H6,"MD") -> 0 | L6: =H6-G6 -> 0 | T6: =DATEDIF(R6,S6,"Y") -> 0 | U6: =DATEDIF(R6,S6,"YM") -> 0 | V6: =DATEDIF(R6,S6,"MD") -> 0 | W6: =S6-R6 -> 0 | X6: =_xlfn.IFS(AND(B6<>M6,AND(I6>=2,T6>=2)),2,AND(B6<>M6,OR(I6>=2,T6>=2)),1,TRUE,0) -> 0 | Y6: =_xlfn.IFS(X6>0,0,AND(OR(D6<>O6,E6<>P6),AND(I6>=2,T6>=2)),2,X6>0,0,AND(OR(D6<>O6,E6<>P6),OR(I6>=2,T6>=2)),1,TRUE,0) -> 0 | Z6: =_xlfn.IFS(OR(X6>0,Y6>0),0,AND(F6<>Q6,AND(I6>=2,T6>=2)),2,OR(X6>0,Y6>0),0,AND(F6<>Q6,OR(I6>=2,T6>=2)),1,TRUE,0) -> 0 | AA6: =_xlfn.IFS(OR(X6>0,Y6>0,Z6>0),0,AND(B6=M6,C6<>N6,AND(I6>=2,T6>=2)),2,AND(B6=M6,C6<>N6,OR(I6>=2,T6>=2)),1,AND(B6=M6,C6=N6,L6+W6>=730),1,TRUE,0) -> 0 | AB6: =_xlfn.IFS(A6<>A5,SUM(X6:AA6),A6=A5,SUM(X6:AA6)+AB5,TRUE,Check data) -> 0 | AC6: =IF(AB6>=3,S6,"")

Sheet เทียบ-ตน.
A1: แปลง พศ เป็น คศ => | B1: 243523 | C1: =IF(AND(LEFT(B1,2)="29",MID(B1,4,1)="2"),LEFT(B1,2)&"/"&MID(B1,4,1)&"/"&RIGHT(B1,4)-543,EDATE(B1,-543*12)) -> 45196
A2: เลข ปชช | B2: ตน.ปฏิบัติงาน | C2: เทียบตำแหน่ง | D2: ขอ เริ่มต้น | E2: ขอ สิ้นสุด | F2: ปี | G2: เดือน | H2: วัน | I2: จำนวนวันทั้งหมด | J2: เทียบ เริ่มต้น | K2: เทียบ สิ้นสุด | L2: ปี | M2: เดือน | N2: วัน | O2: จำนวนวันทั้งหมด
A3: 1234567890001 | B3: ผู้เชี่ยวชาญเฉพาะด้านบริหารทรัพยากรบุคคล | C3: อำนวยการ | D3: 43514 | E3: 45085 | F3: =DATEDIF(D3,E3,"Y") -> 4 | G3: =DATEDIF(D3,E3,"YM") -> 3 | H3: =DATEDIF(D3,E3,"MD") -> 21 | I3: =E3-D3 -> 1571 | J3: 43514 | K3: 45085 | L3: =DATEDIF(J3,K3,"Y") -> 4 | M3: =DATEDIF(J3,K3,"YM") -> 3 | N3: =DATEDIF(J3,K3,"MD") -> 21 | O3: =K3-J3 -> 1571
A4: 1234567890001 | C4: อำนวยการ | D4: 42005 | E4: 43101 | F4: =DATEDIF(D4,E4,"Y") -> 3 | G4: =DATEDIF(D4,E4,"YM") -> 0 | H4: =DATEDIF(D4,E4,"MD") -> 0 | I4: =E4-D4 -> 1096 | J4: 42005 | K4: 43101 | L4: =DATEDIF(J4,K4,"Y") -> 3 | M4: =DATEDIF(J4,K4,"YM") -> 0 | N4: =DATEDIF(J4,K4,"MD") -> 0 | O4: =K4-J4 -> 1096
A5: 1234567890001 | C5: อำนวยการ | D5: 38353 | E5: 40909 | F5: =DATEDIF(D5,E5,"Y") -> 7 | G5: =DATEDIF(D5,E5,"YM") -> 0 | H5: =DATEDIF(D5,E5,"MD") -> 0 | I5: =E5-D5 -> 2556 | J5: 38353 | K5: 40909 | L5: =DATEDIF(J5,K5,"Y") -> 7 | M5: =DATEDIF(J5,K5,"YM") -> 0 | N5: =DATEDIF(J5,K5,"MD") -> 0 | O5: =K5-J5 -> 2556
A6: 1234567890002 | C6: อำนวยการ | D6: 44197 | E6: 44927 | F6: =DATEDIF(D6,E6,"Y") -> 2 | G6: =DATEDIF(D6,E6,"YM") -> 0 | H6: =DATEDIF(D6,E6,"MD") -> 0 | I6: =E6-D6 -> 730 | J6: 44197 | K6: 44927 | L6: =DATEDIF(J6,K6,"Y") -> 2 | M6: =DATEDIF(J6,K6,"YM") -> 0 | N6: =DATEDIF(J6,K6,"MD") -> 0 | O6: =K6-J6 -> 730

Sheet นับวันใน-อต-อส
A1: แปลง พศ เป็น คศ => | B1: 243523 | C1: =IF(AND(LEFT(B1,2)="29",MID(B1,4,1)="2"),LEFT(B1,2)&"/"&MID(B1,4,1)&"/"&RIGHT(B1,4)-543,EDATE(B1,-543*12)) -> 45196
A2: เลข ปชช | B2: ตำแหน่ง | C2: วัน เริ่มต้น | D2: วัน สิ้นสุด | E2: ปี | F2: เดือน | G2: วัน | H2: จำนวนวันทั้งหมด
A3: 1234567890001 | C3: 42005 | D3: 43101 | E3: =DATEDIF(C3,D3,"Y") -> 3 | F3: =DATEDIF(C3,D3,"YM") -> 0 | G3: =DATEDIF(C3,D3,"MD") -> 0 | H3: =D3-C3 -> 1096
A4: 1234567890001 | B4: นักทรัพยากรบุคคล | C4: 42005 | D4: 43101 | E4: =DATEDIF(C4,D4,"Y") -> 3 | F4: =DATEDIF(C4,D4,"YM") -> 0 | G4: =DATEDIF(C4,D4,"MD") -> 0 | H4: =D4-C4 -> 1096
A5: 1234567890001 | B5: ผอ.บค | C5: 42622 | D5: 43513 | E5: =DATEDIF(C5,D5,"Y") -> 2 | F5: =DATEDIF(C5,D5,"YM") -> 5 | G5: =DATEDIF(C5,D5,"MD") -> 8 | H5: =D5-C5 -> 891
A6: 1234567890002 | B6: นักทรัพยากรบุคคล | C6: 44197 | D6: 44927 | E6: =DATEDIF(C6,D6,"Y") -> 2 | F6: =DATEDIF(C6,D6,"YM") -> 0 | G6: =DATEDIF(C6,D6,"MD") -> 0 | H6: =D6-C6 -> 730

Sheet to-K2
B1: วันปิดรับสมัคร | C1: =TODAY() -> 46102 | E1: แปลง พศ เป็น คศ => | F1: 243523 | G1: =IF(AND(LEFT(F1,2)="29",MID(F1,4,1)="2"),LEFT(F1,2)&"/"&MID(F1,4,1)&"/"&RIGHT(F1,4)-543,EDATE(F1,-543*12)) -> 45196
A2: ลำดับที่ | B2: เลข ปชช. | C2: ชื่อ - นามสกุล | D2: วันบรรจุ | E2: ตำแหน่งปัจจุบัน | F2: ประเภทระดับปัจจุบัน | G2: วันเข้าสู่ระดับปัจจุบัน | H2: ปี | I2: เดือน | J2: วัน | K2: ตำแหน่ง ก่อนปัจจุบัน | L2: ประเภทระดับ ก่อนปัจจุบัน | M2: วันเข้าสู่ระดับก่อนปัจจุบัน | N2: ปี | O2: เดือน | P2: วัน | Q2: ระดับการศึกษา | R2: ตน.ที่จะเลื่อน | S2: ระดับที่จะเลื่อน | T2: ประวัติสายงาน | U2: จำนวนวัน ใน ตน.ที่จะเลื่อน | V2: เกื้อกูล จำนวนวัน | W2: จำนวนวัน ตน.ที่จะเลื่อน + เกื้อกูล | X2: วันที่เริ่มนับ | Y2: วันที่มีคุณสมบัติ | Z2: จำนวนวันที่เหลือ | AA2: สถานะ
E3: นักวิชาการยุติธรรม | F3: K1 | G3: 1/12/2019 | H3: =DATEDIF(G3,$C$1,"Y") -> 6 | I3: =DATEDIF(G3,$C$1,"YM") -> 3 | J3: =DATEDIF(G3,$C$1,"MD") -> 20 | K3: นักวิชาการยุติธรรม | L3: K1 | M3: 1/12/2019 | N3: =DATEDIF(M3,G3,"Y") -> 0 | O3: =DATEDIF(M3,G3,"YM") -> 0 | P3: =DATEDIF(M3,G3,"MD") -> 0 | Q3: ป.ตรี | R3: นักวิชาการยุติธรรม | S3: K2 | T3: 1 | U3: =_xlfn.IFS(AND(T3=1,K3=R3,E3=R3),$C$1-M3,AND(T3=2,K3=R3,E3<>R3),G3-M3,AND(T3=2,K3<>R3,E3=R3),$C$1-G3,AND(K3<>R3,E3<>R3),0,T3>2,SUMIFS('นับวันใน-ตน.'!H:H,'นับวันใน-ตน.'!A:A,B3,'นับวันใน-ตน.'!B:B,R3),TRUE,0) -> 2302 | V3: =SUMIF(นับเกื้อกูล!A:A,B3,นับเกื้อกูล!I:I) -> 0 | W3: =U3+V3 -> 2302 | X3: =IF(W3>0,$C$1-W3,"Check Data") -> 43800 | Y3: =_xlfn.IFS(Q3="ป.ตรี",EDATE(X3,12*6),Q3="ป.ตรี 5 ปี",EDATE(X3,12*5),Q3="ป.ตรี 6 ปี",EDATE(X3,12*4),Q3="ป.โท",EDATE(X3,12*4),Q3="ป.เอก",EDATE(X3,12*2),TRUE,"Check Data") -> 45992 | Z3: =IF(TODAY()>Y3,Y3-TODAY(),DATEDIF(TODAY(),Y3,"d")) -> -110 | AA3: =_xlfn.IFS(Z3>30,"ยังไม่ถึงเกณฑ์",Z3>0,"ใกล้ถึงเกณฑ์",Z3=0,"ถึงเกณฑ์",Z3<0,"ถึงเกณฑ์นานแล้ว") -> ถึงเกณฑ์นานแล้ว
E4: นักทรัพยากรบุคคล | F4: K1 | G4: 1/6/2012 | H4: =DATEDIF(G4,$C$1,"Y") -> 13 | I4: =DATEDIF(G4,$C$1,"YM") -> 9 | J4: =DATEDIF(G4,$C$1,"MD") -> 20 | K4: นักทรัพยากรบุคคล | L4: K1 | M4: 1/6/2012 | N4: =DATEDIF(M4,G4,"Y") -> 0 | O4: =DATEDIF(M4,G4,"YM") -> 0 | P4: =DATEDIF(M4,G4,"MD") -> 0 | Q4: ป.ตรี | R4: นักทรัพยากรบุคคล | S4: K2 | T4: 1 | U4: =_xlfn.IFS(AND(T4=1,K4=R4,E4=R4),$C$1-M4,AND(T4=2,K4=R4,E4<>R4),G4-M4,AND(T4=2,K4<>R4,E4=R4),$C$1-G4,AND(K4<>R4,E4<>R4),0,T4>2,SUMIFS('นับวันใน-ตน.'!H:H,'นับวันใน-ตน.'!A:A,B4,'นับวันใน-ตน.'!B:B,R4),TRUE,0) -> 5041 | V4: =SUMIF(นับเกื้อกูล!A:A,B4,นับเกื้อกูล!I:I) -> 0 | W4: =U4+V4 -> 5041 | X4: =IF(W4>0,$C$1-W4,"Check Data") -> 41061 | Y4: =_xlfn.IFS(Q4="ป.ตรี",EDATE(X4,12*6),Q4="ป.ตรี 5 ปี",EDATE(X4,12*5),Q4="ป.ตรี 6 ปี",EDATE(X4,12*4),Q4="ป.โท",EDATE(X4,12*4),Q4="ป.เอก",EDATE(X4,12*2),TRUE,"Check Data") -> 43252 | Z4: =IF(TODAY()>Y4,Y4-TODAY(),DATEDIF(TODAY(),Y4,"d")) -> -2850 | AA4: =_xlfn.IFS(Z4>30,"ยังไม่ถึงเกณฑ์",Z4>0,"ใกล้ถึงเกณฑ์",Z4=0,"ถึงเกณฑ์",Z4<0,"ถึงเกณฑ์นานแล้ว") -> ถึงเกณฑ์นานแล้ว
B5: 1234567890002 | E5: นักวิชาการยุติธรรม | F5: K1 | G5: 1/1/2023 | H5: =DATEDIF(G5,$C$1,"Y") -> 3 | I5: =DATEDIF(G5,$C$1,"YM") -> 2 | J5: =DATEDIF(G5,$C$1,"MD") -> 20 | K5: นักทรัพยากรบุคคล | L5: K1 | M5: 1/1/2021 | N5: =DATEDIF(M5,G5,"Y") -> 2 | O5: =DATEDIF(M5,G5,"YM") -> 0 | P5: =DATEDIF(M5,G5,"MD") -> 0 | Q5: ป.โท | R5: นักทรัพยากรบุคคล | S5: K2 | T5: 2 | U5: =_xlfn.IFS(AND(T5=1,K5=R5,E5=R5),$C$1-M5,AND(T5=2,K5=R5,E5<>R5),G5-M5,AND(T5=2,K5<>R5,E5=R5),$C$1-G5,AND(K5<>R5,E5<>R5),0,T5>2,SUMIFS('นับวันใน-ตน.'!H:H,'นับวันใน-ตน.'!A:A,B5,'นับวันใน-ตน.'!B:B,R5),TRUE,0) -> 730 | V5: =SUMIF(นับเกื้อกูล!A:A,B5,นับเกื้อกูล!I:I) -> 548 | W5: =U5+V5 -> 1278 | X5: =IF(W5>0,$C$1-W5,"Check Data") -> 44824 | Y5: =_xlfn.IFS(Q5="ป.ตรี",EDATE(X5,12*6),Q5="ป.ตรี 5 ปี",EDATE(X5,12*5),Q5="ป.ตรี 6 ปี",EDATE(X5,12*4),Q5="ป.โท",EDATE(X5,12*4),Q5="ป.เอก",EDATE(X5,12*2),TRUE,"Check Data") -> 46285 | Z5: =IF(TODAY()>Y5,Y5-TODAY(),DATEDIF(TODAY(),Y5,"d")) -> 183 | AA5: =_xlfn.IFS(Z5>30,"ยังไม่ถึงเกณฑ์",Z5>0,"ใกล้ถึงเกณฑ์",Z5=0,"ถึงเกณฑ์",Z5<0,"ถึงเกณฑ์นานแล้ว") -> ยังไม่ถึงเกณฑ์
E6: นิติกร | F6: K1 | G6: 1/12/2019 | H6: =DATEDIF(G6,$C$1,"Y") -> 6 | I6: =DATEDIF(G6,$C$1,"YM") -> 3 | J6: =DATEDIF(G6,$C$1,"MD") -> 20 | K6: นิติกร | N6: =DATEDIF(M6,G6,"Y") -> 119 | O6: =DATEDIF(M6,G6,"YM") -> 11 | P6: =DATEDIF(M6,G6,"MD") -> 1 | Q6: ป.เอก | R6: นิติกร | S6: K2 | T6: 1 | U6: =_xlfn.IFS(AND(T6=1,K6=R6,E6=R6),$C$1-M6,AND(T6=2,K6=R6,E6<>R6),G6-M6,AND(T6=2,K6<>R6,E6=R6),$C$1-G6,AND(K6<>R6,E6<>R6),0,T6>2,SUMIFS('นับวันใน-ตน.'!H:H,'นับวันใน-ตน.'!A:A,B6,'นับวันใน-ตน.'!B:B,R6),TRUE,0) -> 46102 | V6: =SUMIF(นับเกื้อกูล!A:A,B6,นับเกื้อกูล!I:I) -> 0 | W6: =U6+V6 -> 46102 | X6: =IF(W6>0,$C$1-W6,"Check Data") -> 0 | Y6: =_xlfn.IFS(Q6="ป.ตรี",EDATE(X6,12*6),Q6="ป.ตรี 5 ปี",EDATE(X6,12*5),Q6="ป.ตรี 6 ปี",EDATE(X6,12*4),Q6="ป.โท",EDATE(X6,12*4),Q6="ป.เอก",EDATE(X6,12*2),TRUE,"Check Data") -> 731 | Z6: =IF(TODAY()>Y6,Y6-TODAY(),DATEDIF(TODAY(),Y6,"d")) -> -45371 | AA6: =_xlfn.IFS(Z6>30,"ยังไม่ถึงเกณฑ์",Z6>0,"ใกล้ถึงเกณฑ์",Z6=0,"ถึงเกณฑ์",Z6<0,"ถึงเกณฑ์นานแล้ว") -> ถึงเกณฑ์นานแล้ว
U7: =_xlfn.IFS(AND(T7=1,K7=R7,E7=R7),$C$1-M7,AND(T7=2,K7=R7,E7<>R7),G7-M7,AND(T7=2,K7<>R7,E7=R7),$C$1-G7,AND(K7<>R7,E7<>R7),0,T7>2,SUMIFS('นับวันใน-ตน.'!H:H,'นับวันใน-ตน.'!A:A,B7,'นับวันใน-ตน.'!B:B,R7),TRUE,0) -> 0 | V7: =SUMIF(นับเกื้อกูล!A:A,B7,นับเกื้อกูล!I:I) -> 0 | W7: =U7+V7 -> 0 | X7: =IF(W7>0,$C$1-W7,"Check Data") -> Check Data | Y7: =_xlfn.IFS(Q7="ป.ตรี",EDATE(X7,12*6),Q7="ป.ตรี 5 ปี",EDATE(X7,12*5),Q7="ป.ตรี 6 ปี",EDATE(X7,12*4),Q7="ป.โท",EDATE(X7,12*4),Q7="ป.เอก",EDATE(X7,12*2),TRUE,"Check Data") -> Check Data

Sheet to-K3
B1: วันปิดรับสมัคร | C1: 45170 | E1: แปลง พศ เป็น คศ => | F1: 241346 | G1: =IF(AND(LEFT(F1,2)="29",MID(F1,4,1)="2"),LEFT(F1,2)&"/"&MID(F1,4,1)&"/"&RIGHT(F1,4)-543,EDATE(F1,-543*12)) -> 43019
A2: ลำดับที่ | B2: เลข ปชช. | C2: ชื่อ - นามสกุล | D2: วันบรรจุ | E2: ตำแหน่งปัจจุบัน | F2: ประเภทระดับปัจจุบัน | G2: วันเข้าสู่ระดับปัจจุบัน | H2: ปี | I2: เดือน | J2: วัน | K2: ตำแหน่ง ก่อนปัจจุบัน | L2: ประเภทระดับ ก่อนปัจจุบัน | M2: วันเข้าสู่ระดับ ก่อนปัจจุบัน | N2: ปี | O2: เดือน | P2: วัน | Q2: ระดับการศึกษา | R2: ตน.ที่จะเลื่อน | S2: ระดับที่จะเลื่อน | T2: ประวัติสายงาน | U2: จำนวนวัน ใน ตน.ที่จะเลื่อน | V2: เกื้อกูล จำนวนวัน | W2: จำนวนวัน ตน.ที่จะเลื่อน + เกื้อกูล | X2: วันที่เริ่มนับ | Y2: วันที่ดำรงตำแหน่ง ชก 4 ปี | Z2: วันที่มีคุณสมบัติในสายงาน | AA2: วันที่มีคุณสมบัติ ชพ | AB2: จำนวนวันที่เหลือ | AC2: สถานะ | AD2: หมายเหตุ
D3: 15/3/2012 | E3: นักทรัพยากรบุคคล | F3: K2 | G3: 27/12/2022 | H3: =DATEDIF(G3,$C$1,"Y") -> 0 | I3: =DATEDIF(G3,$C$1,"YM") -> 8 | J3: =DATEDIF(G3,$C$1,"MD") -> 5 | K3: นักทรัพยากรบุคคล | L3: K1 | M3: 15/3/2012 | N3: =DATEDIF(M3,G3,"Y") -> 10 | O3: =DATEDIF(M3,G3,"YM") -> 9 | P3: =DATEDIF(M3,G3,"MD") -> 12 | Q3: ป.โท | R3: นักทรัพยากรบุคคล | S3: K3 | T3: 1 | U3: =_xlfn.IFS(AND(T3=1,K3=R3,E3=R3),$C$1-M3,AND(T3=2,K3=R3,E3<>R3),G3-M3,AND(T3=2,K3<>R3,E3=R3),$C$1-G3,AND(K3<>R3,E3<>R3),0,T3>2,SUMIFS('นับวันใน-ตน.'!H:H,'นับวันใน-ตน.'!A:A,B3,'นับวันใน-ตน.'!B:B,R3),TRUE,0) -> 4187 | V3: =SUMIF(นับเกื้อกูล!A:A,B3,นับเกื้อกูล!I:I) -> 0 | W3: =U3+V3 -> 4187 | X3: =IF(W3>0,$C$1-W3,"Check Data") -> 40983 | Y3: =EDATE(G3,12*4) -> 46383 | Z3: =IFERROR(_xlfn.IFS(Q3="ป.ตรี",EDATE(X3,12*10),Q3="ป.ตรี 5 ปี",EDATE(X3,12*9),Q3="ป.ตรี 6 ปี",EDATE(X3,12*8),Q3="ป.โท",EDATE(X3,12*8),Q3="ป.เอก",EDATE(X3,12*6),TRUE,"Check Data"),"Check Data") -> 43905 | AA3: =IF(Y3>Z3,Y3,Z3) -> 46383 | AB3: =_xlfn.IFS(AND(TODAY()>Y3,Y3>Z3),Y3-TODAY(),AND(TODAY()>Z3,Z3>Y3),Z3-TODAY(),AND(TODAY()<Y3,Y3>Z3),DATEDIF(TODAY(),Y3,"d"),AND(TODAY()<Z3,Z3>Y3),DATEDIF(TODAY(),Z3,"d"),Y3=Z3,DATEDIF(TODAY(),Y3,"d")) -> 281 | AC3: =_xlfn.IFS(AB3>30,"ยังไม่ถึงเกณฑ์",AB3>0,"ใกล้ถึงเกณฑ์",AB3=0,"ถึงเกณฑ์",AB3<0,"ถึงเกณฑ์นานแล้ว") -> ยังไม่ถึงเกณฑ์
D4: 14/10/2016 | E4: นักทรัพยากรบุคคล | F4: K2 | G4: 10/08/2022 | H4: =DATEDIF(G4,$C$1,"Y") -> 1 | I4: =DATEDIF(G4,$C$1,"YM") -> 0 | J4: =DATEDIF(G4,$C$1,"MD") -> 22 | K4: นักทรัพยากรบุคคล | L4: K1 | M4: 14/10/2016 | N4: =DATEDIF(M4,G4,"Y") -> 5 | O4: =DATEDIF(M4,G4,"YM") -> 9 | P4: =DATEDIF(M4,G4,"MD") -> 27 | Q4: ป.โท | R4: นักทรัพยากรบุคคล | S4: K3 | T4: 1 | U4: =_xlfn.IFS(AND(T4=1,K4=R4,E4=R4),$C$1-M4,AND(T4=2,K4=R4,E4<>R4),G4-M4,AND(T4=2,K4<>R4,E4=R4),$C$1-G4,AND(K4<>R4,E4<>R4),0,T4>2,SUMIFS('นับวันใน-ตน.'!H:H,'นับวันใน-ตน.'!A:A,B4,'นับวันใน-ตน.'!B:B,R4),TRUE,0) -> 2513 | V4: =SUMIF(นับเกื้อกูล!A:A,B4,นับเกื้อกูล!I:I) -> 0 | W4: =U4+V4 -> 2513 | X4: =IF(W4>0,$C$1-W4,"Check Data") -> 42657 | Y4: =EDATE(G4,12*4) -> 46244 | Z4: =IFERROR(_xlfn.IFS(Q4="ป.ตรี",EDATE(X4,12*10),Q4="ป.ตรี 5 ปี",EDATE(X4,12*9),Q4="ป.ตรี 6 ปี",EDATE(X4,12*8),Q4="ป.โท",EDATE(X4,12*8),Q4="ป.เอก",EDATE(X4,12*6),TRUE,"Check Data"),"Check Data") -> 45579 | AA4: =IF(Y4>Z4,Y4,Z4) -> 46244 | AB4: =_xlfn.IFS(AND(TODAY()>Y4,Y4>Z4),Y4-TODAY(),AND(TODAY()>Z4,Z4>Y4),Z4-TODAY(),AND(TODAY()<Y4,Y4>Z4),DATEDIF(TODAY(),Y4,"d"),AND(TODAY()<Z4,Z4>Y4),DATEDIF(TODAY(),Z4,"d"),Y4=Z4,DATEDIF(TODAY(),Y4,"d")) -> 142 | AC4: =_xlfn.IFS(AB4>30,"ยังไม่ถึงเกณฑ์",AB4>0,"ใกล้ถึงเกณฑ์",AB4=0,"ถึงเกณฑ์",AB4<0,"ถึงเกณฑ์นานแล้ว") -> ยังไม่ถึงเกณฑ์
D5: 4/3/2016 | E5: นักทรัพยากรบุคคล | F5: K2 | G5: 9/3/2020 | H5: =DATEDIF(G5,$C$1,"Y") -> 3 | I5: =DATEDIF(G5,$C$1,"YM") -> 5 | J5: =DATEDIF(G5,$C$1,"MD") -> 23 | K5: นักทรัพยากรบุคคล | L5: K1 | M5: 4/3/2016 | N5: =DATEDIF(M5,G5,"Y") -> 4 | O5: =DATEDIF(M5,G5,"YM") -> 0 | P5: =DATEDIF(M5,G5,"MD") -> 5 | Q5: ป.โท | R5: นักทรัพยากรบุคคล | S5: K3 | T5: 1 | U5: =_xlfn.IFS(AND(T5=1,K5=R5,E5=R5),$C$1-M5,AND(T5=2,K5=R5,E5<>R5),G5-M5,AND(T5=2,K5<>R5,E5=R5),$C$1-G5,AND(K5<>R5,E5<>R5),0,T5>2,SUMIFS('นับวันใน-ตน.'!H:H,'นับวันใน-ตน.'!A:A,B5,'นับวันใน-ตน.'!B:B,R5),TRUE,0) -> 2737 | V5: =SUMIF(นับเกื้อกูล!A:A,B5,นับเกื้อกูล!I:I) -> 0 | W5: =U5+V5 -> 2737 | X5: =IF(W5>0,$C$1-W5,"Check Data") -> 42433 | Y5: =EDATE(G5,12*4) -> 45360 | Z5: =IFERROR(_xlfn.IFS(Q5="ป.ตรี",EDATE(X5,12*10),Q5="ป.ตรี 5 ปี",EDATE(X5,12*9),Q5="ป.ตรี 6 ปี",EDATE(X5,12*8),Q5="ป.โท",EDATE(X5,12*8),Q5="ป.เอก",EDATE(X5,12*6),TRUE,"Check Data"),"Check Data") -> 45355 | AA5: =IF(Y5>Z5,Y5,Z5) -> 45360 | AB5: =_xlfn.IFS(AND(TODAY()>Y5,Y5>Z5),Y5-TODAY(),AND(TODAY()>Z5,Z5>Y5),Z5-TODAY(),AND(TODAY()<Y5,Y5>Z5),DATEDIF(TODAY(),Y5,"d"),AND(TODAY()<Z5,Z5>Y5),DATEDIF(TODAY(),Z5,"d"),Y5=Z5,DATEDIF(TODAY(),Y5,"d")) -> -742 | AC5: =_xlfn.IFS(AB5>30,"ยังไม่ถึงเกณฑ์",AB5>0,"ใกล้ถึงเกณฑ์",AB5=0,"ถึงเกณฑ์",AB5<0,"ถึงเกณฑ์นานแล้ว") -> ถึงเกณฑ์นานแล้ว
D6: 13/7/2012 | E6: นักทรัพยากรบุคคล | F6: K2 | G6: 28/3/2018 | H6: =DATEDIF(G6,$C$1,"Y") -> 5 | I6: =DATEDIF(G6,$C$1,"YM") -> 5 | J6: =DATEDIF(G6,$C$1,"MD") -> 4 | K6: นักทรัพยากรบุคคล | L6: K1 | M6: 13/7/2012 | N6: =DATEDIF(M6,G6,"Y") -> 5 | O6: =DATEDIF(M6,G6,"YM") -> 8 | P6: =DATEDIF(M6,G6,"MD") -> 15 | Q6: ป.โท | R6: นักทรัพยากรบุคคล | S6: K3 | T6: 1 | U6: =_xlfn.IFS(AND(T6=1,K6=R6,E6=R6),$C$1-M6,AND(T6=2,K6=R6,E6<>R6),G6-M6,AND(T6=2,K6<>R6,E6=R6),$C$1-G6,AND(K6<>R6,E6<>R6),0,T6>2,SUMIFS('นับวันใน-ตน.'!H:H,'นับวันใน-ตน.'!A:A,B6,'นับวันใน-ตน.'!B:B,R6),TRUE,0) -> 4067 | V6: =SUMIF(นับเกื้อกูล!A:A,B6,นับเกื้อกูล!I:I) -> 0 | W6: =U6+V6 -> 4067 | X6: =IF(W6>0,$C$1-W6,"Check Data") -> 41103 | Y6: =EDATE(G6,12*4) -> 44648 | Z6: =IFERROR(_xlfn.IFS(Q6="ป.ตรี",EDATE(X6,12*10),Q6="ป.ตรี 5 ปี",EDATE(X6,12*9),Q6="ป.ตรี 6 ปี",EDATE(X6,12*8),Q6="ป.โท",EDATE(X6,12*8),Q6="ป.เอก",EDATE(X6,12*6),TRUE,"Check Data"),"Check Data") -> 44025 | AA6: =IF(Y6>Z6,Y6,Z6) -> 44648 | AB6: =_xlfn.IFS(AND(TODAY()>Y6,Y6>Z6),Y6-TODAY(),AND(TODAY()>Z6,Z6>Y6),Z6-TODAY(),AND(TODAY()<Y6,Y6>Z6),DATEDIF(TODAY(),Y6,"d"),AND(TODAY()<Z6,Z6>Y6),DATEDIF(TODAY(),Z6,"d"),Y6=Z6,DATEDIF(TODAY(),Y6,"d")) -> -1454 | AC6: =_xlfn.IFS(AB6>30,"ยังไม่ถึงเกณฑ์",AB6>0,"ใกล้ถึงเกณฑ์",AB6=0,"ถึงเกณฑ์",AB6<0,"ถึงเกณฑ์นานแล้ว") -> ถึงเกณฑ์นานแล้ว
D7: 28/7/2006 | E7: นักทรัพยากรบุคคล | F7: K2 | G7: 27/1/2014 | H7: =DATEDIF(G7,$C$1,"Y") -> 9 | I7: =DATEDIF(G7,$C$1,"YM") -> 7 | J7: =DATEDIF(G7,$C$1,"MD") -> 5 | K7: นักทรัพยากรบุคคล | L7: K1 | M7: 28/7/2006 | N7: =DATEDIF(M7,G7,"Y") -> 7 | O7: =DATEDIF(M7,G7,"YM") -> 5 | P7: =DATEDIF(M7,G7,"MD") -> 30 | Q7: ป.โท | R7: นักทรัพยากรบุคคล | S7: K3 | T7: 1 | U7: =_xlfn.IFS(AND(T7=1,K7=R7,E7=R7),$C$1-M7,AND(T7=2,K7=R7,E7<>R7),G7-M7,AND(T7=2,K7<>R7,E7=R7),$C$1-G7,AND(K7<>R7,E7<>R7),0,T7>2,SUMIFS('นับวันใน-ตน.'!H:H,'นับวันใน-ตน.'!A:A,B7,'นับวันใน-ตน.'!B:B,R7),TRUE,0) -> 6244 | V7: =SUMIF(นับเกื้อกูล!A:A,B7,นับเกื้อกูล!I:I) -> 0 | W7: =U7+V7 -> 6244 | X7: =IF(W7>0,$C$1-W7,"Check Data") -> 38926 | Y7: =EDATE(G7,12*4) -> 43127 | Z7: =IFERROR(_xlfn.IFS(Q7="ป.ตรี",EDATE(X7,12*10),Q7="ป.ตรี 5 ปี",EDATE(X7,12*9),Q7="ป.ตรี 6 ปี",EDATE(X7,12*8),Q7="ป.โท",EDATE(X7,12*8),Q7="ป.เอก",EDATE(X7,12*6),TRUE,"Check Data"),"Check Data") -> 41848 | AA7: =IF(Y7>Z7,Y7,Z7) -> 43127 | AB7: =_xlfn.IFS(AND(TODAY()>Y7,Y7>Z7),Y7-TODAY(),AND(TODAY()>Z7,Z7>Y7),Z7-TODAY(),AND(TODAY()<Y7,Y7>Z7),DATEDIF(TODAY(),Y7,"d"),AND(TODAY()<Z7,Z7>Y7),DATEDIF(TODAY(),Z7,"d"),Y7=Z7,DATEDIF(TODAY(),Y7,"d")) -> -2975 | AC7: =_xlfn.IFS(AB7>30,"ยังไม่ถึงเกณฑ์",AB7>0,"ใกล้ถึงเกณฑ์",AB7=0,"ถึงเกณฑ์",AB7<0,"ถึงเกณฑ์นานแล้ว") -> ถึงเกณฑ์นานแล้ว
D8: 1/10/2015 | E8: นักทรัพยากรบุคคล | F8: K2 | G8: 1/10/2019 | H8: =DATEDIF(G8,$C$1,"Y") -> 3 | I8: =DATEDIF(G8,$C$1,"YM") -> 11 | J8: =DATEDIF(G8,$C$1,"MD") -> 0 | K8: นักทรัพยากรบุคคล | L8: K1 | M8: 1/10/2015 | N8: =DATEDIF(M8,G8,"Y") -> 4 | O8: =DATEDIF(M8,G8,"YM") -> 0 | P8: =DATEDIF(M8,G8,"MD") -> 0 | Q8: ป.โท | R8: นักทรัพยากรบุคคล | S8: K3 | T8: 1 | U8: =_xlfn.IFS(AND(T8=1,K8=R8,E8=R8),$C$1-M8,AND(T8=2,K8=R8,E8<>R8),G8-M8,AND(T8=2,K8<>R8,E8=R8),$C$1-G8,AND(K8<>R8,E8<>R8),0,T8>2,SUMIFS('นับวันใน-ตน.'!H:H,'นับวันใน-ตน.'!A:A,B8,'นับวันใน-ตน.'!B:B,R8),TRUE,0) -> 2892 | V8: =SUMIF(นับเกื้อกูล!A:A,B8,นับเกื้อกูล!I:I) -> 0 | W8: =U8+V8 -> 2892 | X8: =IF(W8>0,$C$1-W8,"Check Data") -> 42278 | Y8: =EDATE(G8,12*4) -> 45200 | Z8: =IFERROR(_xlfn.IFS(Q8="ป.ตรี",EDATE(X8,12*10),Q8="ป.ตรี 5 ปี",EDATE(X8,12*9),Q8="ป.ตรี 6 ปี",EDATE(X8,12*8),Q8="ป.โท",EDATE(X8,12*8),Q8="ป.เอก",EDATE(X8,12*6),TRUE,"Check Data"),"Check Data") -> 45200 | AA8: =IF(Y8>Z8,Y8,Z8) -> 45200 | AB8: =_xlfn.IFS(AND(TODAY()>Y8,Y8>Z8),Y8-TODAY(),AND(TODAY()>Z8,Z8>Y8),Z8-TODAY(),AND(TODAY()<Y8,Y8>Z8),DATEDIF(TODAY(),Y8,"d"),AND(TODAY()<Z8,Z8>Y8),DATEDIF(TODAY(),Z8,"d"),Y8=Z8,DATEDIF(TODAY(),Y8,"d")) -> #NUM! | AC8: =_xlfn.IFS(AB8>30,"ยังไม่ถึงเกณฑ์",AB8>0,"ใกล้ถึงเกณฑ์",AB8=0,"ถึงเกณฑ์",AB8<0,"ถึงเกณฑ์นานแล้ว") -> #NUM!
D9: 15/10/2012 | E9: นักทรัพยากรบุคคล | F9: K2 | G9: 14/8/2020 | H9: =DATEDIF(G9,$C$1,"Y") -> 3 | I9: =DATEDIF(G9,$C$1,"YM") -> 0 | J9: =DATEDIF(G9,$C$1,"MD") -> 18 | K9: นักทรัพยากรบุคคล | L9: K1 | M9: 15/10/2012 | N9: =DATEDIF(M9,G9,"Y") -> 7 | O9: =DATEDIF(M9,G9,"YM") -> 9 | P9: =DATEDIF(M9,G9,"MD") -> 30 | Q9: ป.โท | R9: นักทรัพยากรบุคคล | S9: K3 | T9: 1 | U9: =_xlfn.IFS(AND(T9=1,K9=R9,E9=R9),$C$1-M9,AND(T9=2,K9=R9,E9<>R9),G9-M9,AND(T9=2,K9<>R9,E9=R9),$C$1-G9,AND(K9<>R9,E9<>R9),0,T9>2,SUMIFS('นับวันใน-ตน.'!H:H,'นับวันใน-ตน.'!A:A,B9,'นับวันใน-ตน.'!B:B,R9),TRUE,0) -> 3973 | V9: =SUMIF(นับเกื้อกูล!A:A,B9,นับเกื้อกูล!I:I) -> 0 | W9: =U9+V9 -> 3973 | X9: =IF(W9>0,$C$1-W9,"Check Data") -> 41197 | Y9: =EDATE(G9,12*4) -> 45518 | Z9: =IFERROR(_xlfn.IFS(Q9="ป.ตรี",EDATE(X9,12*10),Q9="ป.ตรี 5 ปี",EDATE(X9,12*9),Q9="ป.ตรี 6 ปี",EDATE(X9,12*8),Q9="ป.โท",EDATE(X9,12*8),Q9="ป.เอก",EDATE(X9,12*6),TRUE,"Check Data"),"Check Data") -> 44119 | AA9: =IF(Y9>Z9,Y9,Z9) -> 45518 | AB9: =_xlfn.IFS(AND(TODAY()>Y9,Y9>Z9),Y9-TODAY(),AND(TODAY()>Z9,Z9>Y9),Z9-TODAY(),AND(TODAY()<Y9,Y9>Z9),DATEDIF(TODAY(),Y9,"d"),AND(TODAY()<Z9,Z9>Y9),DATEDIF(TODAY(),Z9,"d"),Y9=Z9,DATEDIF(TODAY(),Y9,"d")) -> -584 | AC9: =_xlfn.IFS(AB9>30,"ยังไม่ถึงเกณฑ์",AB9>0,"ใกล้ถึงเกณฑ์",AB9=0,"ถึงเกณฑ์",AB9<0,"ถึงเกณฑ์นานแล้ว") -> ถึงเกณฑ์นานแล้ว
D10: 16/1/2009 | E10: นักทรัพยากรบุคคล | F10: K2 | G10: 19/10/2022 | H10: =DATEDIF(G10,$C$1,"Y") -> 0 | I10: =DATEDIF(G10,$C$1,"YM") -> 10 | J10: =DATEDIF(G10,$C$1,"MD") -> 13 | K10: นักทรัพยากรบุคคล | L10: K1 | M10: 16/1/2009 | N10: =DATEDIF(M10,G10,"Y") -> 13 | O10: =DATEDIF(M10,G10,"YM") -> 9 | P10: =DATEDIF(M10,G10,"MD") -> 3 | Q10: ป.โท | R10: นักทรัพยากรบุคคล | S10: K3 | T10: 1 | U10: =_xlfn.IFS(AND(T10=1,K10=R10,E10=R10),$C$1-M10,AND(T10=2,K10=R10,E10<>R10),G10-M10,AND(T10=2,K10<>R10,E10=R10),$C$1-G10,AND(K10<>R10,E10<>R10),0,T10>2,SUMIFS('นับวันใน-ตน.'!H:H,'นับวันใน-ตน.'!A:A,B10,'นับวันใน-ตน.'!B:B,R10),TRUE,0) -> 5341 | V10: =SUMIF(นับเกื้อกูล!A:A,B10,นับเกื้อกูล!I:I) -> 0 | W10: =U10+V10 -> 5341 | X10: =IF(W10>0,$C$1-W10,"Check Data") -> 39829 | Y10: =EDATE(G10,12*4) -> 46314 | Z10: =IFERROR(_xlfn.IFS(Q10="ป.ตรี",EDATE(X10,12*10),Q10="ป.ตรี 5 ปี",EDATE(X10,12*9),Q10="ป.ตรี 6 ปี",EDATE(X10,12*8),Q10="ป.โท",EDATE(X10,12*8),Q10="ป.เอก",EDATE(X10,12*6),TRUE,"Check Data"),"Check Data") -> 42751 | AA10: =IF(Y10>Z10,Y10,Z10) -> 46314 | AB10: =_xlfn.IFS(AND(TODAY()>Y10,Y10>Z10),Y10-TODAY(),AND(TODAY()>Z10,Z10>Y10),Z10-TODAY(),AND(TODAY()<Y10,Y10>Z10),DATEDIF(TODAY(),Y10,"d"),AND(TODAY()<Z10,Z10>Y10),DATEDIF(TODAY(),Z10,"d"),Y10=Z10,DATEDIF(TODAY(),Y10,"d")) -> 212 | AC10: =_xlfn.IFS(AB10>30,"ยังไม่ถึงเกณฑ์",AB10>0,"ใกล้ถึงเกณฑ์",AB10=0,"ถึงเกณฑ์",AB10<0,"ถึงเกณฑ์นานแล้ว") -> ยังไม่ถึงเกณฑ์
D11: 22/1/2018 | E11: นักทรัพยากรบุคคล | F11: K2 | G11: 20/1/2023 | H11: =DATEDIF(G11,$C$1,"Y") -> 0 | I11: =DATEDIF(G11,$C$1,"YM") -> 7 | J11: =DATEDIF(G11,$C$1,"MD") -> 12 | K11: นักทรัพยากรบุคคล | L11: K1 | M11: 22/1/2018 | N11: =DATEDIF(M11,G11,"Y") -> 4 | O11: =DATEDIF(M11,G11,"YM") -> 11 | P11: =DATEDIF(M11,G11,"MD") -> 29 | Q11: ป.โท | R11: นักทรัพยากรบุคคล | S11: K3 | T11: 1 | U11: =_xlfn.IFS(AND(T11=1,K11=R11,E11=R11),$C$1-M11,AND(T11=2,K11=R11,E11<>R11),G11-M11,AND(T11=2,K11<>R11,E11=R11),$C$1-G11,AND(K11<>R11,E11<>R11),0,T11>2,SUMIFS('นับวันใน-ตน.'!H:H,'นับวันใน-ตน.'!A:A,B11,'นับวันใน-ตน.'!B:B,R11),TRUE,0) -> 2048 | V11: =SUMIF(นับเกื้อกูล!A:A,B11,นับเกื้อกูล!I:I) -> 0 | W11: =U11+V11 -> 2048 | X11: =IF(W11>0,$C$1-W11,"Check Data") -> 43122 | Y11: =EDATE(G11,12*4) -> 46407 | Z11: =IFERROR(_xlfn.IFS(Q11="ป.ตรี",EDATE(X11,12*10),Q11="ป.ตรี 5 ปี",EDATE(X11,12*9),Q11="ป.ตรี 6 ปี",EDATE(X11,12*8),Q11="ป.โท",EDATE(X11,12*8),Q11="ป.เอก",EDATE(X11,12*6),TRUE,"Check Data"),"Check Data") -> 46044 | AA11: =IF(Y11>Z11,Y11,Z11) -> 46407 | AB11: =_xlfn.IFS(AND(TODAY()>Y11,Y11>Z11),Y11-TODAY(),AND(TODAY()>Z11,Z11>Y11),Z11-TODAY(),AND(TODAY()<Y11,Y11>Z11),DATEDIF(TODAY(),Y11,"d"),AND(TODAY()<Z11,Z11>Y11),DATEDIF(TODAY(),Z11,"d"),Y11=Z11,DATEDIF(TODAY(),Y11,"d")) -> 305 | AC11: =_xlfn.IFS(AB11>30,"ยังไม่ถึงเกณฑ์",AB11>0,"ใกล้ถึงเกณฑ์",AB11=0,"ถึงเกณฑ์",AB11<0,"ถึงเกณฑ์นานแล้ว") -> ยังไม่ถึงเกณฑ์
D12: 18/2/2022 | E12: นักทรัพยากรบุคคล | F12: K2 | G12: 19/1/2018 | H12: =DATEDIF(G12,$C$1,"Y") -> 5 | I12: =DATEDIF(G12,$C$1,"YM") -> 7 | J12: =DATEDIF(G12,$C$1,"MD") -> 13 | K12: นักทรัพยากรบุคคล | L12: K1 | M12: 18/2/2022 | N12: =DATEDIF(M12,G12,"Y") -> #NUM! | O12: =DATEDIF(M12,G12,"YM") -> #NUM! | P12: =DATEDIF(M12,G12,"MD") -> #NUM! | Q12: ป.โท | R12: นักทรัพยากรบุคคล | S12: K3 | T12: 1 | U12: =_xlfn.IFS(AND(T12=1,K12=R12,E12=R12),$C$1-M12,AND(T12=2,K12=R12,E12<>R12),G12-M12,AND(T12=2,K12<>R12,E12=R12),$C$1-G12,AND(K12<>R12,E12<>R12),0,T12>2,SUMIFS('นับวันใน-ตน.'!H:H,'นับวันใน-ตน.'!A:A,B12,'นับวันใน-ตน.'!B:B,R12),TRUE,0) -> 560 | V12: =SUMIF(นับเกื้อกูล!A:A,B12,นับเกื้อกูล!I:I) -> 0 | W12: =U12+V12 -> 560 | X12: =IF(W12>0,$C$1-W12,"Check Data") -> 44610 | Y12: =EDATE(G12,12*4) -> 44580 | Z12: =IFERROR(_xlfn.IFS(Q12="ป.ตรี",EDATE(X12,12*10),Q12="ป.ตรี 5 ปี",EDATE(X12,12*9),Q12="ป.ตรี 6 ปี",EDATE(X12,12*8),Q12="ป.โท",EDATE(X12,12*8),Q12="ป.เอก",EDATE(X12,12*6),TRUE,"Check Data"),"Check Data") -> 47532 | AA12: =IF(Y12>Z12,Y12,Z12) -> 47532 | AB12: =_xlfn.IFS(AND(TODAY()>Y12,Y12>Z12),Y12-TODAY(),AND(TODAY()>Z12,Z12>Y12),Z12-TODAY(),AND(TODAY()<Y12,Y12>Z12),DATEDIF(TODAY(),Y12,"d"),AND(TODAY()<Z12,Z12>Y12),DATEDIF(TODAY(),Z12,"d"),Y12=Z12,DATEDIF(TODAY(),Y12,"d")) -> 1430 | AC12: =_xlfn.IFS(AB12>30,"ยังไม่ถึงเกณฑ์",AB12>0,"ใกล้ถึงเกณฑ์",AB12=0,"ถึงเกณฑ์",AB12<0,"ถึงเกณฑ์นานแล้ว") -> ยังไม่ถึงเกณฑ์
D13: 28/9/1992 | E13: นักทรัพยากรบุคคล | F13: K2 | G13: 25/3/2015 | H13: =DATEDIF(G13,$C$1,"Y") -> 8 | I13: =DATEDIF(G13,$C$1,"YM") -> 5 | J13: =DATEDIF(G13,$C$1,"MD") -> 7 | K13: นักจัดการงานทั่วไป | L13: K1 | M13: 26/3/2013 | N13: =DATEDIF(M13,G13,"Y") -> 1 | O13: =DATEDIF(M13,G13,"YM") -> 11 | P13: =DATEDIF(M13,G13,"MD") -> 27 | Q13: ป.โท | R13: นักทรัพยากรบุคคล | S13: K3 | T13: 2 | U13: =_xlfn.IFS(AND(T13=1,K13=R13,E13=R13),$C$1-M13,AND(T13=2,K13=R13,E13<>R13),G13-M13,AND(T13=2,K13<>R13,E13=R13),$C$1-G13,AND(K13<>R13,E13<>R13),0,T13>2,SUMIFS('นับวันใน-ตน.'!H:H,'นับวันใน-ตน.'!A:A,B13,'นับวันใน-ตน.'!B:B,R13),TRUE,0) -> 3082 | V13: =SUMIF(นับเกื้อกูล!A:A,B13,นับเกื้อกูล!I:I) -> 0 | W13: =U13+V13 -> 3082 | X13: =IF(W13>0,$C$1-W13,"Check Data") -> 42088 | Y13: =EDATE(G13,12*4) -> 43549 | Z13: =IFERROR(_xlfn.IFS(Q13="ป.ตรี",EDATE(X13,12*10),Q13="ป.ตรี 5 ปี",EDATE(X13,12*9),Q13="ป.ตรี 6 ปี",EDATE(X13,12*8),Q13="ป.โท",EDATE(X13,12*8),Q13="ป.เอก",EDATE(X13,12*6),TRUE,"Check Data"),"Check Data") -> 45010 | AA13: =IF(Y13>Z13,Y13,Z13) -> 45010 | AB13: =_xlfn.IFS(AND(TODAY()>Y13,Y13>Z13),Y13-TODAY(),AND(TODAY()>Z13,Z13>Y13),Z13-TODAY(),AND(TODAY()<Y13,Y13>Z13),DATEDIF(TODAY(),Y13,"d"),AND(TODAY()<Z13,Z13>Y13),DATEDIF(TODAY(),Z13,"d"),Y13=Z13,DATEDIF(TODAY(),Y13,"d")) -> -1092 | AC13: =_xlfn.IFS(AB13>30,"ยังไม่ถึงเกณฑ์",AB13>0,"ใกล้ถึงเกณฑ์",AB13=0,"ถึงเกณฑ์",AB13<0,"ถึงเกณฑ์นานแล้ว") -> ถึงเกณฑ์นานแล้ว
D14: 1/9/2011 | E14: นักทรัพยากรบุคคล | F14: K2 | G14: 17/6/2016 | H14: =DATEDIF(G14,$C$1,"Y") -> 7 | I14: =DATEDIF(G14,$C$1,"YM") -> 2 | J14: =DATEDIF(G14,$C$1,"MD") -> 15 | K14: นักทรัพยากรบุคคล | L14: K1 | M14: 1/9/2011 | N14: =DATEDIF(M14,G14,"Y") -> 4 | O14: =DATEDIF(M14,G14,"YM") -> 9 | P14: =DATEDIF(M14,G14,"MD") -> 16 | Q14: ป.โท | R14: นักทรัพยากรบุคคล | S14: K3 | T14: 1 | U14: =_xlfn.IFS(AND(T14=1,K14=R14,E14=R14),$C$1-M14,AND(T14=2,K14=R14,E14<>R14),G14-M14,AND(T14=2,K14<>R14,E14=R14),$C$1-G14,AND(K14<>R14,E14<>R14),0,T14>2,SUMIFS('นับวันใน-ตน.'!H:H,'นับวันใน-ตน.'!A:A,B14,'นับวันใน-ตน.'!B:B,R14),TRUE,0) -> 4383 | V14: =SUMIF(นับเกื้อกูล!A:A,B14,นับเกื้อกูล!I:I) -> 0 | W14: =U14+V14 -> 4383 | X14: =IF(W14>0,$C$1-W14,"Check Data") -> 40787 | Y14: =EDATE(G14,12*4) -> 43999 | Z14: =IFERROR(_xlfn.IFS(Q14="ป.ตรี",EDATE(X14,12*10),Q14="ป.ตรี 5 ปี",EDATE(X14,12*9),Q14="ป.ตรี 6 ปี",EDATE(X14,12*8),Q14="ป.โท",EDATE(X14,12*8),Q14="ป.เอก",EDATE(X14,12*6),TRUE,"Check Data"),"Check Data") -> 43709 | AA14: =IF(Y14>Z14,Y14,Z14) -> 43999 | AB14: =_xlfn.IFS(AND(TODAY()>Y14,Y14>Z14),Y14-TODAY(),AND(TODAY()>Z14,Z14>Y14),Z14-TODAY(),AND(TODAY()<Y14,Y14>Z14),DATEDIF(TODAY(),Y14,"d"),AND(TODAY()<Z14,Z14>Y14),DATEDIF(TODAY(),Z14,"d"),Y14=Z14,DATEDIF(TODAY(),Y14,"d")) -> -2103 | AC14: =_xlfn.IFS(AB14>30,"ยังไม่ถึงเกณฑ์",AB14>0,"ใกล้ถึงเกณฑ์",AB14=0,"ถึงเกณฑ์",AB14<0,"ถึงเกณฑ์นานแล้ว") -> ถึงเกณฑ์นานแล้ว
... D21: 22/10/2012 | E21: นักวิเคราะห์นโยบายและแผน | F21: K2 | G21: 11/10/2017 | H21: =DATEDIF(G21,$C$1,"Y") -> 5 | I21: =DATEDIF(G21,$C$1,"YM") -> 10 | J21: =DATEDIF(G21,$C$1,"MD") -> 21 | K21: นักวิชาการยุติธรรม | L21: K1 | M21: 22/10/2012 | N21: =DATEDIF(M21,G21,"Y") -> 4 | O21: =DATEDIF(M21,G21,"YM") -> 11 | P21: =DATEDIF(M21,G21,"MD") -> 19 | Q21: ป.โท | R21: นักวิเคราะห์นโยบายและแผน | S21: K3 | T21: 2 | U21: =_xlfn.IFS(AND(T21=1,K21=R21,E21=R21),$C$1-M21,AND(T21=2,K21=R21,E21<>R21),G21-M21,AND(T21=2,K21<>R21,E21=R21),$C$1-G21,AND(K21<>R21,E21<>R21),0,T21>2,SUMIFS('นับวันใน-ตน.'!H:H,'นับวันใน-ตน.'!A:A,B21,'นับวันใน-ตน.'!B:B,R21),TRUE,0) -> 2151 | V21: =SUMIF(นับเกื้อกูล!A:A,B21,นับเกื้อกูล!I:I) -> 0 | W21: =U21+V21 -> 2151 | X21: =IF(W21>0,$C$1-W21,"Check Data") -> 43019 | Y21: =EDATE(G21,12*4) -> 44480 | Z21: =IFERROR(_xlfn.IFS(Q21="ป.ตรี",EDATE(X21,12*10),Q21="ป.ตรี 5 ปี",EDATE(X21,12*9),Q21="ป.ตรี 6 ปี",EDATE(X21,12*8),Q21="ป.โท",EDATE(X21,12*8),Q21="ป.เอก",EDATE(X21,12*6),TRUE,"Check Data"),"Check Data") -> 45941 | AA21: =IF(Y21>Z21,Y21,Z21) -> 45941 | AB21: =_xlfn.IFS(AND(TODAY()>Y21,Y21>Z21),Y21-TODAY(),AND(TODAY()>Z21,Z21>Y21),Z21-TODAY(),AND(TODAY()<Y21,Y21>Z21),DATEDIF(TODAY(),Y21,"d"),AND(TODAY()<Z21,Z21>Y21),DATEDIF(TODAY(),Z21,"d"),Y21=Z21,DATEDIF(TODAY(),Y21,"d")) -> -161 | AC21: =_xlfn.IFS(AB21>30,"ยังไม่ถึงเกณฑ์",AB21>0,"ใกล้ถึงเกณฑ์",AB21=0,"ถึงเกณฑ์",AB21<0,"ถึงเกณฑ์นานแล้ว") -> ถึงเกณฑ์นานแล้ว

Sheet K4-K5-LAW
B1: วันปิดรับสมัคร | C1: 45828 | J1: แปลง พศ เป็น คศ => | K1: 232387 | N1: =IF(AND(LEFT(K1,2)="29",MID(K1,4,1)="2"),LEFT(K1,2)&"/"&MID(K1,4,1)&"/"&RIGHT(K1,4)-543,EDATE(K1,-543*12)) -> 34060
A2: ลำดับที่ | B2: เลข ปชช. | C2: ชื่อ - นามสกุล | D2: กรม | E2: วันบรรจุ พ.ศ. | F2: วันบรรจุ ค.ศ. | G2: ปี | H2: เดือน | I2: วัน | J2: ตำแหน่งปัจจุบัน | K2: ประเภทระดับปัจจุบัน | N2: เงินเดือน | O2: เครื่องราชฯ | P2: เกษียณ | Q2: วันเข้าสู่ระดับปัจจุบัน พ.ศ. | R2: วันเข้าสู่ระดับปัจจุบัน ค.ศ. | U2: ปี | V2: เดือน | W2: วัน | Y2: ประเภทระดับ ก่อนปัจจุบัน 1 | Z2: วันเข้าสู่ระดับ ก่อนปัจจุบัน 1 พ.ศ. | AA2: วันเข้าสู่ระดับ ก่อนปัจจุบัน 1 ค.ศ. | AB2: ปี | AC2: เดือน | AD2: วัน | AE2: ประเภทระดับ ก่อนปัจจุบัน 2 | AF2: วันเข้าสู่ระดับ ก่อนปัจจุบัน 2 พ.ศ. | AG2: วันเข้าสู่ระดับ ก่อนปัจจุบัน 2 ค.ศ. | AH2: ปี | AI2: เดือน | AJ2: วัน | AK2: ระดับการศึกษา | AL2: วุฒิการศึกษา | AO2: ระดับที่จะเลื่อน | AP2: วันที่มีคุณสมบัติ ทรงคุณวุฒิ ค.ศ. | AQ2: วันที่มีคุณสมบัติ ทรงคุณวุฒิ พ.ศ. | AR2: จำนวนวันที่เหลือ | AS2: สถานะ | AT2: index_อส ชช รวม_level | AU2: from Q3 | AV2: check | AW2: last_col
A3: 1 | D3: สำนักงานกิจการยุติธรรม | E3: 12/05/2527 | F3: =IF(E3="","",TEXT(EDATE(E3,-543*12),"dd/mm/yyyy")) -> 12/05/1984 | G3: =IF(F3="",0,DATEDIF(F3,$C$1,"Y")) -> 41 | H3: =IF(F3="",0,DATEDIF(F3,$C$1,"YM")) -> 1 | I3: =IF(F3="",0,DATEDIF(F3,$C$1,"MD")) -> 8 | J3: รองผู้อำนวยการสำนักงานกิจการยุติธรรม | K3: S1 | L3: =IF(B3="","",IF(K3="S1",K3,INDEX(#REF!,#REF!))) | M3: =K3=L3 -> FALSE | P3: 2569 | Q3: 20/12/2562 | R3: =TEXT(EDATE(Q3,-543*12),"dd/mm/yyyy") -> 20/12/2019 | S3: =IF(B3="","",IF(K3="S1",K3,INDEX(#REF!,#REF!))) | T3: =Q3=S3 -> FALSE | U3: =IF(R3="",0,DATEDIF(R3,$C$1,"Y")) -> 5 | V3: =IF(R3="",0,DATEDIF(R3,$C$1,"YM")) -> 6 | W3: =IF(R3="",0,DATEDIF(R3,$C$1,"MD")) -> 0 | AA3: =IF(Z3="","",TEXT(EDATE(Z3,-543*12),"dd/mm/yyyy")) | AB3: =IF(AA3="",0,DATEDIF(AA3,R3,"Y")) -> 0 | AC3: =IF(AA3="",0,DATEDIF(AA3,R3,"YM")) -> 0 | AD3: =IF(AA3="",0,DATEDIF(AA3,R3,"MD")) -> 0 | AG3: =IF(AF3="","",TEXT(EDATE(AF3,-543*12),"dd/mm/yyyy")) | AH3: =IF(AG3="",0,DATEDIF(AG3,AA3,"Y")) -> 0 | AI3: =IF(AG3="",0,DATEDIF(AG3,AA3,"YM")) -> 0 | AJ3: =IF(AG3="",0,DATEDIF(AG3,AA3,"MD")) -> 0 | AL3: รัฐประศาสนศาสตรบัณฑิต | AM3: =IF(B3="","",IF(K3="S1",K3,INDEX(#REF!,#REF!))) | AN3: =AL3=AM3 -> FALSE | AO3: =IF(AL3="นิติศาสตร์","K5-LAW","K5-POLICY") -> K5-POLICY | AP3: =_xlfn.IFS(B3="","",AND(AO3="K5-LAW",AL3="นิติศาสตร์",K3="S2",Y3="",AE3=""),R3,AND(AO3="K5-LAW",AL3="นิติศาสตร์",K3="S1",Y3="",AE3=""),EDATE(R3,12),AND(AO3="K5-LAW",AL3="นิติศาสตร์",OR(K3="M2",K3="K4"),Y3="",AE3=""),EDATE(R3,12*2),AND(AO3="K5-LAW",AL3="นิติศาสตร์",OR(AE3="M2",AE3="K4"),AH3>=2,OR(AG3<AA3,AG3<R3)),EDATE(AG3,12*2),AND(AO3="K5-LAW",AL3="นิติศาสตร์",AE3="S1",AH3>=1,OR(AG3<AA3,AG3<R3)),EDATE(AG3,12),AND(AO3="K5-LAW",AL3="นิติศาสตร์",OR(Y3="M2",Y3="K4"),AB3>=2,AA3<R3),EDATE(AA3,12*2),AND(AO3="K5-LAW",AL3="นิติศาสตร์",Y3="S1",AB3>=1,AA3<R3),EDATE(AA3,12),AND(AO3="K5-LAW",AL3="นิติศาสตร์",OR(Y3="S2",Y3="K5")),AA3,AND(AO3="K5-LAW",AL3="นิติศาสตร์",OR(K3="M2",K3="K4"),U3>=2),EDATE(R3,12*2),AND(AO3="K5-LAW",AL3="นิติศาสตร์",K3="S1",U3>=1),EDATE(R3,12),AND(AO3="K5-LAW",AL3="นิติศาสตร์",OR(K3="S2",K3="K5")),R3,AND(AO3="K5-POLICY",AL3<>"นิติศาสตร์",K3="S2",Y3="",AE3=""),R3,AND(AO3="K5-POLICY",AL3<>"นิติศาสตร์",K3="S1",Y3="",AE3=""),EDATE(R3,12),AND(AO3="K5-POLICY",AL3<>"นิติศาสตร์",OR(K3="M2",K3="K4"),Y3="",AE3=""),EDATE(R3,12*2),AND(AO3="K5-POLICY",AL3<>"นิติศาสตร์",OR(AE3="M2",AE3="K4"),AH3>=2,OR(AG3<AA3,AG3<R3)),EDATE(AG3,12*2),AND(AO3="K5-POLICY",AL3<>"นิติศาสตร์",AE3="S1",AH3>=1,OR(AG3<AA3,AG3<R3)),EDATE(AG3,12),AND(AO3="K5-POLICY",AL3<>"นิติศาสตร์",OR(Y3="M2",Y3="K4"),AB3>=2,AA3<R3),EDATE(AA3,12*2),AND(AO3="K5-POLICY",AL3<>"นิติศาสตร์",Y3="S1",AB3>=1,AA3<R3),EDATE(AA3,12),AND(AO3="K5-POLICY",AL3<>"นิติศาสตร์",OR(Y3="S2",Y3="K5")),AA3,AND(AO3="K5-POLICY",AL3<>"นิติศาสตร์",OR(K3="M2",K3="K4"),U3>=2),EDATE(R3,12*2),AND(AO3="K5-POLICY",AL3<>"นิติศาสตร์",K3="S1",U3>=1),EDATE(R3,12),AND(AO3="K5-POLICY",AL3<>"นิติศาสตร์",OR(K3="S2",K3="K5")),R3,TRUE,"Check Data") | AQ3: =IFERROR(TEXT(EDATE(AP3,543*12),"dd/mm/yyyy"),"Check Data") -> Check Data | AR3: =IFERROR(IF($C$1>AP3,AP3-$C$1,DATEDIF($C$1,AP3,"d")),"Check Data") -> Check Data | AS3: =_xlfn.IFS(AR3="Check Data","Check Data",AR3>30,"ยังไม่ถึงเกณฑ์",AR3>0,"ใกล้ถึงเกณฑ์",AR3=0,"ถึงเกณฑ์",AR3<0,"ถึงเกณฑ์นานแล้ว") -> Check Data | AT3: =IF(B3="","",IF(K3="S1","S1",INDEX(#REF!,#REF!))) | AU3: =K3 -> S1 | AV3: =K3=AT3 -> FALSE
A4: 2 | D4: กรมคุมประพฤติ | E4: 06/03/2540 | F4: =IF(E4="","",TEXT(EDATE(E4,-543*12),"dd/mm/yyyy")) -> 06/03/1997 | G4: =IF(F4="",0,DATEDIF(F4,$C$1,"Y")) -> 28 | H4: =IF(F4="",0,DATEDIF(F4,$C$1,"YM")) -> 3 | I4: =IF(F4="",0,DATEDIF(F4,$C$1,"MD")) -> 14 | J4: รองอธิบดีกรมคุมประพฤติ | K4: S1 | L4: =IF(B4="","",IF(K4="S1",K4,INDEX(#REF!,#REF!))) | M4: =K4=L4 -> FALSE | P4: 2574 | Q4: 24/02/2563 | R4: =TEXT(EDATE(Q4,-543*12),"dd/mm/yyyy") -> 24/02/2020 | S4: =IF(B4="","",IF(K4="S1",K4,INDEX(#REF!,#REF!))) | T4: =Q4=S4 -> FALSE | U4: =IF(R4="",0,DATEDIF(R4,$C$1,"Y")) -> 5 | V4: =IF(R4="",0,DATEDIF(R4,$C$1,"YM")) -> 3 | W4: =IF(R4="",0,DATEDIF(R4,$C$1,"MD")) -> 27 | AA4: =IF(Z4="","",TEXT(EDATE(Z4,-543*12),"dd/mm/yyyy")) | AB4: =IF(AA4="",0,DATEDIF(AA4,R4,"Y")) -> 0 | AC4: =IF(AA4="",0,DATEDIF(AA4,R4,"YM")) -> 0 | AD4: =IF(AA4="",0,DATEDIF(AA4,R4,"MD")) -> 0 | AG4: =IF(AF4="","",TEXT(EDATE(AF4,-543*12),"dd/mm/yyyy")) | AH4: =IF(AG4="",0,DATEDIF(AG4,AA4,"Y")) -> 0 | AI4: =IF(AG4="",0,DATEDIF(AG4,AA4,"YM")) -> 0 | AJ4: =IF(AG4="",0,DATEDIF(AG4,AA4,"MD")) -> 0 | AL4: รัฐศาสตรบัณฑิต / ... | AM4: =IF(B4="","",IF(K4="S1",K4,INDEX(#REF!,#REF!))) | AN4: =AL4=AM4 -> FALSE | AO4: =IF(AL4="นิติศาสตร์","K5-LAW","K5-POLICY") -> K5-POLICY | AP4: =_xlfn.IFS(B4="","",AND(AO4="K5-LAW",AL4="นิติศาสตร์",K4="S2",Y4="",AE4=""),R4,AND(AO4="K5-LAW",AL4="นิติศาสตร์",K4="S1",Y4="",AE4=""),EDATE(R4,12),AND(AO4="K5-LAW",AL4="นิติศาสตร์",OR(K4="M2",K4="K4"),Y4="",AE4=""),EDATE(R4,12*2),AND(AO4="K5-LAW",AL4="นิติศาสตร์",OR(AE4="M2",AE4="K4"),AH4>=2,OR(AG4<AA4,AG4<R4)),EDATE(AG4,12*2),AND(AO4="K5-LAW",AL4="นิติศาสตร์",AE4="S1",AH4>=1,OR(AG4<AA4,AG4<R4)),EDATE(AG4,12),AND(AO4="K5-LAW",AL4="นิติศาสตร์",OR(Y4="M2",Y4="K4"),AB4>=2,AA4<R4),EDATE(AA4,12*2),AND(AO4="K5-LAW",AL4="นิติศาสตร์",Y4="S1",AB4>=1,AA4<R4),EDATE(AA4,12),AND(AO4="K5-LAW",AL4="นิติศาสตร์",OR(Y4="S2",Y4="K5")),AA4,AND(AO4="K5-LAW",AL4="นิติศาสตร์",OR(K4="M2",K4="K4"),U4>=2),EDATE(R4,12*2),AND(AO4="K5-LAW",AL4="นิติศาสตร์",K4="S1",U4>=1),EDATE(R4,12),AND(AO4="K5-LAW",AL4="นิติศาสตร์",OR(K4="S2",K4="K5")),R4,AND(AO4="K5-POLICY",AL4<>"นิติศาสตร์",K4="S2",Y4="",AE4=""),R4,AND(AO4="K5-POLICY",AL4<>"นิติศาสตร์",K4="S1",Y4="",AE4=""),EDATE(R4,12),AND(AO4="K5-POLICY",AL4<>"นิติศาสตร์",OR(K4="M2",K4="K4"),Y4="",AE4=""),EDATE(R4,12*2),AND(AO4="K5-POLICY",AL4<>"นิติศาสตร์",OR(AE4="M2",AE4="K4"),AH4>=2,OR(AG4<AA4,AG4<R4)),EDATE(AG4,12*2),AND(AO4="K5-POLICY",AL4<>"นิติศาสตร์",AE4="S1",AH4>=1,OR(AG4<AA4,AG4<R4)),EDATE(AG4,12),AND(AO4="K5-POLICY",AL4<>"นิติศาสตร์",OR(Y4="M2",Y4="K4"),AB4>=2,AA4<R4),EDATE(AA4,12*2),AND(AO4="K5-POLICY",AL4<>"นิติศาสตร์",Y4="S1",AB4>=1,AA4<R4),EDATE(AA4,12),AND(AO4="K5-POLICY",AL4<>"นิติศาสตร์",OR(Y4="S2",Y4="K5")),AA4,AND(AO4="K5-POLICY",AL4<>"นิติศาสตร์",OR(K4="M2",K4="K4"),U4>=2),EDATE(R4,12*2),AND(AO4="K5-POLICY",AL4<>"นิติศาสตร์",K4="S1",U4>=1),EDATE(R4,12),AND(AO4="K5-POLICY",AL4<>"นิติศาสตร์",OR(K4="S2",K4="K5")),R4,TRUE,"Check Data") | AQ4: =IFERROR(TEXT(EDATE(AP4,543*12),"dd/mm/yyyy"),"Check Data") -> Check Data | AR4: =IFERROR(IF($C$1>AP4,AP4-$C$1,DATEDIF($C$1,AP4,"d")),"Check Data") -> Check Data | AS4: =_xlfn.IFS(AR4="Check Data","Check Data",AR4>30,"ยังไม่ถึงเกณฑ์",AR4>0,"ใกล้ถึงเกณฑ์",AR4=0,"ถึงเกณฑ์",AR4<0,"ถึงเกณฑ์นานแล้ว") -> Check Data | AT4: =IF(B4="","",IF(K4="S1","S1",INDEX(#REF!,#REF!))) | AU4: =K4 -> S1 | AV4: =K4=AT4 -> FALSE
A5: 3 | D5: สถาบันนิติวิทยาศาสตร์ | E5: 01/04/2537 | F5: =IF(E5="","",TEXT(EDATE(E5,-543*12),"dd/mm/yyyy")) -> 01/04/1994 | G5: =IF(F5="",0,DATEDIF(F5,$C$1,"Y")) -> 31 | H5: =IF(F5="",0,DATEDIF(F5,$C$1,"YM")) -> 2 | I5: =IF(F5="",0,DATEDIF(F5,$C$1,"MD")) -> 19 | J5: รองผู้อำนวยการสถาบันนิติวิทยาศาสตร์ | K5: S1 | L5: =IF(B5="","",IF(K5="S1",K5,INDEX(#REF!,#REF!))) | M5: =K5=L5 -> FALSE | O5: ม.ว.ม. | P5: 2575 | Q5: 22/09/2563 | R5: =TEXT(EDATE(Q5,-543*12),"dd/mm/yyyy") -> 22/09/2020 | S5: =IF(B5="","",IF(K5="S1",K5,INDEX(#REF!,#REF!))) | T5: =Q5=S5 -> FALSE | U5: =IF(R5="",0,DATEDIF(R5,$C$1,"Y")) -> 4 | V5: =IF(R5="",0,DATEDIF(R5,$C$1,"YM")) -> 8 | W5: =IF(R5="",0,DATEDIF(R5,$C$1,"MD")) -> 29 | AA5: =IF(Z5="","",TEXT(EDATE(Z5,-543*12),"dd/mm/yyyy")) | AB5: =IF(AA5="",0,DATEDIF(AA5,R5,"Y")) -> 0 | AC5: =IF(AA5="",0,DATEDIF(AA5,R5,"YM")) -> 0 | AD5: =IF(AA5="",0,DATEDIF(AA5,R5,"MD")) -> 0 | AG5: =IF(AF5="","",TEXT(EDATE(AF5,-543*12),"dd/mm/yyyy")) | AH5: =IF(AG5="",0,DATEDIF(AG5,AA5,"Y")) -> 0 | AI5: =IF(AG5="",0,DATEDIF(AG5,AA5,"YM")) -> 0 | AJ5: =IF(AG5="",0,DATEDIF(AG5,AA5,"MD")) -> 0 | AL5: แพทยศาสตรบัณฑิต | AM5: =IF(B5="","",IF(K5="S1",K5,INDEX(#REF!,#REF!))) | AN5: =AL5=AM5 -> FALSE | AO5: =IF(AL5="นิติศาสตร์","K5-LAW","K5-POLICY") -> K5-POLICY | AP5: =_xlfn.IFS(B5="","",AND(AO5="K5-LAW",AL5="นิติศาสตร์",K5="S2",Y5="",AE5=""),R5,AND(AO5="K5-LAW",AL5="นิติศาสตร์",K5="S1",Y5="",AE5=""),EDATE(R5,12),AND(AO5="K5-LAW",AL5="นิติศาสตร์",OR(K5="M2",K5="K4"),Y5="",AE5=""),EDATE(R5,12*2),AND(AO5="K5-LAW",AL5="นิติศาสตร์",OR(AE5="M2",AE5="K4"),AH5>=2,OR(AG5<AA5,AG5<R5)),EDATE(AG5,12*2),AND(AO5="K5-LAW",AL5="นิติศาสตร์",AE5="S1",AH5>=1,OR(AG5<AA5,AG5<R5)),EDATE(AG5,12),AND(AO5="K5-LAW",AL5="นิติศาสตร์",OR(Y5="M2",Y5="K4"),AB5>=2,AA5<R5),EDATE(AA5,12*2),AND(AO5="K5-LAW",AL5="นิติศาสตร์",Y5="S1",AB5>=1,AA5<R5),EDATE(AA5,12),AND(AO5="K5-LAW",AL5="นิติศาสตร์",OR(Y5="S2",Y5="K5")),AA5,AND(AO5="K5-LAW",AL5="นิติศาสตร์",OR(K5="M2",K5="K4"),U5>=2),EDATE(R5,12*2),AND(AO5="K5-LAW",AL5="นิติศาสตร์",K5="S1",U5>=1),EDATE(R5,12),AND(AO5="K5-LAW",AL5="นิติศาสตร์",OR(K5="S2",K5="K5")),R5,AND(AO5="K5-POLICY",AL5<>"นิติศาสตร์",K5="S2",Y5="",AE5=""),R5,AND(AO5="K5-POLICY",AL5<>"นิติศาสตร์",K5="S1",Y5="",AE5=""),EDATE(R5,12),AND(AO5="K5-POLICY",AL5<>"นิติศาสตร์",OR(K5="M2",K5="K4"),Y5="",AE5=""),EDATE(R5,12*2),AND(AO5="K5-POLICY",AL5<>"นิติศาสตร์",OR(AE5="M2",AE5="K4"),AH5>=2,OR(AG5<AA5,AG5<R5)),EDATE(AG5,12*2),AND(AO5="K5-POLICY",AL5<>"นิติศาสตร์",AE5="S1",AH5>=1,OR(AG5<AA5,AG5<R5)),EDATE(AG5,12),AND(AO5="K5-POLICY",AL5<>"นิติศาสตร์",OR(Y5="M2",Y5="K4"),AB5>=2,AA5<R5),EDATE(AA5,12*2),AND(AO5="K5-POLICY",AL5<>"นิติศาสตร์",Y5="S1",AB5>=1,AA5<R5),EDATE(AA5,12),AND(AO5="K5-POLICY",AL5<>"นิติศาสตร์",OR(Y5="S2",Y5="K5")),AA5,AND(AO5="K5-POLICY",AL5<>"นิติศาสตร์",OR(K5="M2",K5="K4"),U5>=2),EDATE(R5,12*2),AND(AO5="K5-POLICY",AL5<>"นิติศาสตร์",K5="S1",U5>=1),EDATE(R5,12),AND(AO5="K5-POLICY",AL5<>"นิติศาสตร์",OR(K5="S2",K5="K5")),R5,TRUE,"Check Data") | AQ5: =IFERROR(TEXT(EDATE(AP5,543*12),"dd/mm/yyyy"),"Check Data") -> Check Data | AR5: =IFERROR(IF($C$1>AP5,AP5-$C$1,DATEDIF($C$1,AP5,"d")),"Check Data") -> Check Data | AS5: =_xlfn.IFS(AR5="Check Data","Check Data",AR5>30,"ยังไม่ถึงเกณฑ์",AR5>0,"ใกล้ถึงเกณฑ์",AR5=0,"ถึงเกณฑ์",AR5<0,"ถึงเกณฑ์นานแล้ว") -> Check Data | AT5: =IF(B5="","",IF(K5="S1","S1",INDEX(#REF!,#REF!))) | AU5: =K5 -> S1 | AV5: =K5=AT5 -> FALSE
A6: 4 | D6: กรมราชทัณฑ์ | E6: 08/05/2526 | F6: =IF(E6="","",TEXT(EDATE(E6,-543*12),"dd/mm/yyyy")) -> 08/05/1983 | G6: =IF(F6="",0,DATEDIF(F6,$C$1,"Y")) -> 42 | H6: =IF(F6="",0,DATEDIF(F6,$C$1,"YM")) -> 1 | I6: =IF(F6="",0,DATEDIF(F6,$C$1,"MD")) -> 12 | J6: รองอธิบดีกรมราชทัณฑ์ | K6: S1 | L6: =IF(B6="","",IF(K6="S1",K6,INDEX(#REF!,#REF!))) | M6: =K6=L6 -> FALSE | P6: 2568 | Q6: 09/03/2564 | R6: =TEXT(EDATE(Q6,-543*12),"dd/mm/yyyy") -> 09/03/2021 | S6: =IF(B6="","",IF(K6="S1",K6,INDEX(#REF!,#REF!))) | T6: =Q6=S6 -> FALSE | U6: =IF(R6="",0,DATEDIF(R6,$C$1,"Y")) -> 4 | V6: =IF(R6="",0,DATEDIF(R6,$C$1,"YM")) -> 3 | W6: =IF(R6="",0,DATEDIF(R6,$C$1,"MD")) -> 11 | AA6: =IF(Z6="","",TEXT(EDATE(Z6,-543*12),"dd/mm/yyyy")) | AB6: =IF(AA6="",0,DATEDIF(AA6,R6,"Y")) -> 0 | AC6: =IF(AA6="",0,DATEDIF(AA6,R6,"YM")) -> 0 | AD6: =IF(AA6="",0,DATEDIF(AA6,R6,"MD")) -> 0 | AG6: =IF(AF6="","",TEXT(EDATE(AF6,-543*12),"dd/mm/yyyy")) | AH6: =IF(AG6="",0,DATEDIF(AG6,AA6,"Y")) -> 0 | AI6: =IF(AG6="",0,DATEDIF(AG6,AA6,"YM")) -> 0 | AJ6: =IF(AG6="",0,DATEDIF(AG6,AA6,"MD")) -> 0 | AL6: รัฐประศาสนศาสตรบัณฑิต / ... | AM6: =IF(B6="","",IF(K6="S1",K6,INDEX(#REF!,#REF!))) | AN6: =AL6=AM6 -> FALSE | AO6: =IF(AL6="นิติศาสตร์","K5-LAW","K5-POLICY") -> K5-POLICY | AP6: =_xlfn.IFS(B6="","",AND(AO6="K5-LAW",AL6="นิติศาสตร์",K6="S2",Y6="",AE6=""),R6,AND(AO6="K5-LAW",AL6="นิติศาสตร์",K6="S1",Y6="",AE6=""),EDATE(R6,12),AND(AO6="K5-LAW",AL6="นิติศาสตร์",OR(K6="M2",K6="K4"),Y6="",AE6=""),EDATE(R6,12*2),AND(AO6="K5-LAW",AL6="นิติศาสตร์",OR(AE6="M2",AE6="K4"),AH6>=2,OR(AG6<AA6,AG6<R6)),EDATE(AG6,12*2),AND(AO6="K5-LAW",AL6="นิติศาสตร์",AE6="S1",AH6>=1,OR(AG6<AA6,AG6<R6)),EDATE(AG6,12),AND(AO6="K5-LAW",AL6="นิติศาสตร์",OR(Y6="M2",Y6="K4"),AB6>=2,AA6<R6),EDATE(AA6,12*2),AND(AO6="K5-LAW",AL6="นิติศาสตร์",Y6="S1",AB6>=1,AA6<R6),EDATE(AA6,12),AND(AO6="K5-LAW",AL6="นิติศาสตร์",OR(Y6="S2",Y6="K5")),AA6,AND(AO6="K5-LAW",AL6="นิติศาสตร์",OR(K6="M2",K6="K4"),U6>=2),EDATE(R6,12*2),AND(AO6="K5-LAW",AL6="นิติศาสตร์",K6="S1",U6>=1),EDATE(R6,12),AND(AO6="K5-LAW",AL6="นิติศาสตร์",OR(K6="S2",K6="K5")),R6,AND(AO6="K5-POLICY",AL6<>"นิติศาสตร์",K6="S2",Y6="",AE6=""),R6,AND(AO6="K5-POLICY",AL6<>"นิติศาสตร์",K6="S1",Y6="",AE6=""),EDATE(R6,12),AND(AO6="K5-POLICY",AL6<>"นิติศาสตร์",OR(K6="M2",K6="K4"),Y6="",AE6=""),EDATE(R6,12*2),AND(AO6="K5-POLICY",AL6<>"นิติศาสตร์",OR(AE6="M2",AE6="K4"),AH6>=2,OR(AG6<AA6,AG6<R6)),EDATE(AG6,12*2),AND(AO6="K5-POLICY",AL6<>"นิติศาสตร์",AE6="S1",AH6>=1,OR(AG6<AA6,AG6<R6)),EDATE(AG6,12),AND(AO6="K5-POLICY",AL6<>"นิติศาสตร์",OR(Y6="M2",Y6="K4"),AB6>=2,AA6<R6),EDATE(AA6,12*2),AND(AO6="K5-POLICY",AL6<>"นิติศาสตร์",Y6="S1",AB6>=1,AA6<R6),EDATE(AA6,12),AND(AO6="K5-POLICY",AL6<>"นิติศาสตร์",OR(Y6="S2",Y6="K5")),AA6,AND(AO6="K5-POLICY",AL6<>"นิติศาสตร์",OR(K6="M2",K6="K4"),U6>=2),EDATE(R6,12*2),AND(AO6="K5-POLICY",AL6<>"นิติศาสตร์",K6="S1",U6>=1),EDATE(R6,12),AND(AO6="K5-POLICY",AL6<>"นิติศาสตร์",OR(K6="S2",K6="K5")),R6,TRUE,"Check Data") | AQ6: =IFERROR(TEXT(EDATE(AP6,543*12),"dd/mm/yyyy"),"Check Data") -> Check Data | AR6: =IFERROR(IF($C$1>AP6,AP6-$C$1,DATEDIF($C$1,AP6,"d")),"Check Data") -> Check Data | AS6: =_xlfn.IFS(AR6="Check Data","Check Data",AR6>30,"ยังไม่ถึงเกณฑ์",AR6>0,"ใกล้ถึงเกณฑ์",AR6=0,"ถึงเกณฑ์",AR6<0,"ถึงเกณฑ์นานแล้ว") -> Check Data | AT6: =IF(B6="","",IF(K6="S1","S1",INDEX(#REF!,#REF!))) | AU6: =K6 -> S1 | AV6: =K6=AT6 -> FALSE
A7: 5 | D7: กรมพินิจและคุ้มครองเด็กและเยาวชน | E7: 10/11/2538 | F7: =IF(E7="","",TEXT(EDATE(E7,-543*12),"dd/mm/yyyy")) -> 10/11/1995 | G7: =IF(F7="",0,DATEDIF(F7,$C$1,"Y")) -> 29 | H7: =IF(F7="",0,DATEDIF(F7,$C$1,"YM")) -> 7 | I7: =IF(F7="",0,DATEDIF(F7,$C$1,"MD")) -> 10 | J7: รองอธิบดีกรมพินิจและคุ้มครองเด็กและเยาวชน | K7: S1 | L7: =IF(B7="","",IF(K7="S1",K7,INDEX(#REF!,#REF!))) | M7: =K7=L7 -> FALSE | P7: 2572 | Q7: 17/11/2564 | R7: =TEXT(EDATE(Q7,-543*12),"dd/mm/yyyy") -> 17/11/2021 | S7: =IF(B7="","",IF(K7="S1",K7,INDEX(#REF!,#REF!))) | T7: =Q7=S7 -> FALSE | U7: =IF(R7="",0,DATEDIF(R7,$C$1,"Y")) -> 3 | V7: =IF(R7="",0,DATEDIF(R7,$C$1,"YM")) -> 7 | W7: =IF(R7="",0,DATEDIF(R7,$C$1,"MD")) -> 3 | AA7: =IF(Z7="","",TEXT(EDATE(Z7,-543*12),"dd/mm/yyyy")) | AB7: =IF(AA7="",0,DATEDIF(AA7,R7,"Y")) -> 0 | AC7: =IF(AA7="",0,DATEDIF(AA7,R7,"YM")) -> 0 | AD7: =IF(AA7="",0,DATEDIF(AA7,R7,"MD")) -> 0 | AG7: =IF(AF7="","",TEXT(EDATE(AF7,-543*12),"dd/mm/yyyy")) | AH7: =IF(AG7="",0,DATEDIF(AG7,AA7,"Y")) -> 0 | AI7: =IF(AG7="",0,DATEDIF(AG7,AA7,"YM")) -> 0 | AJ7: =IF(AG7="",0,DATEDIF(AG7,AA7,"MD")) -> 0 | AL7: นิติศาสตร์ | AM7: =IF(B7="","",IF(K7="S1",K7,INDEX(#REF!,#REF!))) | AN7: =AL7=AM7 -> FALSE | AO7: =IF(AL7="นิติศาสตร์","K5-LAW","K5-POLICY") -> K5-LAW | AP7: =_xlfn.IFS(B7="","",AND(AO7="K5-LAW",AL7="นิติศาสตร์",K7="S2",Y7="",AE7=""),R7,AND(AO7="K5-LAW",AL7="นิติศาสตร์",K7="S1",Y7="",AE7=""),EDATE(R7,12),AND(AO7="K5-LAW",AL7="นิติศาสตร์",OR(K7="M2",K7="K4"),Y7="",AE7=""),EDATE(R7,12*2),AND(AO7="K5-LAW",AL7="นิติศาสตร์",OR(AE7="M2",AE7="K4"),AH7>=2,OR(AG7<AA7,AG7<R7)),EDATE(AG7,12*2),AND(AO7="K5-LAW",AL7="นิติศาสตร์",AE7="S1",AH7>=1,OR(AG7<AA7,AG7<R7)),EDATE(AG7,12),AND(AO7="K5-LAW",AL7="นิติศาสตร์",OR(Y7="M2",Y7="K4"),AB7>=2,AA7<R7),EDATE(AA7,12*2),AND(AO7="K5-LAW",AL7="นิติศาสตร์",Y7="S1",AB7>=1,AA7<R7),EDATE(AA7,12),AND(AO7="K5-LAW",AL7="นิติศาสตร์",OR(Y7="S2",Y7="K5")),AA7,AND(AO7="K5-LAW",AL7="นิติศาสตร์",OR(K7="M2",K7="K4"),U7>=2),EDATE(R7,12*2),AND(AO7="K5-LAW",AL7="นิติศาสตร์",K7="S1",U7>=1),EDATE(R7,12),AND(AO7="K5-LAW",AL7="นิติศาสตร์",OR(K7="S2",K7="K5")),R7,AND(AO7="K5-POLICY",AL7<>"นิติศาสตร์",K7="S2",Y7="",AE7=""),R7,AND(AO7="K5-POLICY",AL7<>"นิติศาสตร์",K7="S1",Y7="",AE7=""),EDATE(R7,12),AND(AO7="K5-POLICY",AL7<>"นิติศาสตร์",OR(K7="M2",K7="K4"),Y7="",AE7=""),EDATE(R7,12*2),AND(AO7="K5-POLICY",AL7<>"นิติศาสตร์",OR(AE7="M2",AE7="K4"),AH7>=2,OR(AG7<AA7,AG7<R7)),EDATE(AG7,12*2),AND(AO7="K5-POLICY",AL7<>"นิติศาสตร์",AE7="S1",AH7>=1,OR(AG7<AA7,AG7<R7)),EDATE(AG7,12),AND(AO7="K5-POLICY",AL7<>"นิติศาสตร์",OR(Y7="M2",Y7="K4"),AB7>=2,AA7<R7),EDATE(AA7,12*2),AND(AO7="K5-POLICY",AL7<>"นิติศาสตร์",Y7="S1",AB7>=1,AA7<R7),EDATE(AA7,12),AND(AO7="K5-POLICY",AL7<>"นิติศาสตร์",OR(Y7="S2",Y7="K5")),AA7,AND(AO7="K5-POLICY",AL7<>"นิติศาสตร์",OR(K7="M2",K7="K4"),U7>=2),EDATE(R7,12*2),AND(AO7="K5-POLICY",AL7<>"นิติศาสตร์",K7="S1",U7>=1),EDATE(R7,12),AND(AO7="K5-POLICY",AL7<>"นิติศาสตร์",OR(K7="S2",K7="K5")),R7,TRUE,"Check Data") | AQ7: =IFERROR(TEXT(EDATE(AP7,543*12),"dd/mm/yyyy"),"Check Data") -> Check Data | AR7: =IFERROR(IF($C$1>AP7,AP7-$C$1,DATEDIF($C$1,AP7,"d")),"Check Data") -> Check Data | AS7: =_xlfn.IFS(AR7="Check Data","Check Data",AR7>30,"ยังไม่ถึงเกณฑ์",AR7>0,"ใกล้ถึงเกณฑ์",AR7=0,"ถึงเกณฑ์",AR7<0,"ถึงเกณฑ์นานแล้ว") -> Check Data | AT7: =IF(B7="","",IF(K7="S1","S1",INDEX(#REF!,#REF!))) | AU7: =K7 -> S1 | AV7: =K7=AT7 -> FALSE
A8: 6 | D8: กรมพินิจและคุ้มครองเด็กและเยาวชน | E8: 23/12/2534 | F8: =IF(E8="","",TEXT(EDATE(E8,-543*12),"dd/mm/yyyy")) -> 23/12/1991 | G8: =IF(F8="",0,DATEDIF(F8,$C$1,"Y")) -> 33 | H8: =IF(F8="",0,DATEDIF(F8,$C$1,"YM")) -> 5 | I8: =IF(F8="",0,DATEDIF(F8,$C$1,"MD")) -> 28 | J8: รองอธิบดีกรมพินิจและคุ้มครองเด็ก และเยาวชน | K8: S1 | L8: =IF(B8="","",IF(K8="S1",K8,INDEX(#REF!,#REF!))) | M8: =K8=L8 -> FALSE | O8: ป.ช. | P8: 2572 | Q8: 17/11/2564 | R8: =TEXT(EDATE(Q8,-543*12),"dd/mm/yyyy") -> 17/11/2021 | S8: =IF(B8="","",IF(K8="S1",K8,INDEX(#REF!,#REF!))) | T8: =Q8=S8 -> FALSE | U8: =IF(R8="",0,DATEDIF(R8,$C$1,"Y")) -> 3 | V8: =IF(R8="",0,DATEDIF(R8,$C$1,"YM")) -> 7 | W8: =IF(R8="",0,DATEDIF(R8,$C$1,"MD")) -> 3 | AA8: =IF(Z8="","",TEXT(EDATE(Z8,-543*12),"dd/mm/yyyy")) | AB8: =IF(AA8="",0,DATEDIF(AA8,R8,"Y")) -> 0 | AC8: =IF(AA8="",0,DATEDIF(AA8,R8,"YM")) -> 0 | AD8: =IF(AA8="",0,DATEDIF(AA8,R8,"MD")) -> 0 | AG8: =IF(AF8="","",TEXT(EDATE(AF8,-543*12),"dd/mm/yyyy")) | AH8: =IF(AG8="",0,DATEDIF(AG8,AA8,"Y")) -> 0 | AI8: =IF(AG8="",0,DATEDIF(AG8,AA8,"YM")) -> 0 | AJ8: =IF(AG8="",0,DATEDIF(AG8,AA8,"MD")) -> 0 | AL8: ศิลปศาสตรบัณฑิต / ... | AM8: =IF(B8="","",IF(K8="S1",K8,INDEX(#REF!,#REF!))) | AN8: =AL8=AM8 -> FALSE | AO8: =IF(AL8="นิติศาสตร์","K5-LAW","K5-POLICY") -> K5-POLICY | AP8: =_xlfn.IFS(B8="","",AND(AO8="K5-LAW",AL8="นิติศาสตร์",K8="S2",Y8="",AE8=""),R8,AND(AO8="K5-LAW",AL8="นิติศาสตร์",K8="S1",Y8="",AE8=""),EDATE(R8,12),AND(AO8="K5-LAW",AL8="นิติศาสตร์",OR(K8="M2",K8="K4"),Y8="",AE8=""),EDATE(R8,12*2),AND(AO8="K5-LAW",AL8="นิติศาสตร์",OR(AE8="M2",AE8="K4"),AH8>=2,OR(AG8<AA8,AG8<R8)),EDATE(AG8,12*2),AND(AO8="K5-LAW",AL8="นิติศาสตร์",AE8="S1",AH8>=1,OR(AG8<AA8,AG8<R8)),EDATE(AG8,12),AND(AO8="K5-LAW",AL8="นิติศาสตร์",OR(Y8="M2",Y8="K4"),AB8>=2,AA8<R8),EDATE(AA8,12*2),AND(AO8="K5-LAW",AL8="นิติศาสตร์",Y8="S1",AB8>=1,AA8<R8),EDATE(AA8,12),AND(AO8="K5-LAW",AL8="นิติศาสตร์",OR(Y8="S2",Y8="K5")),AA8,AND(AO8="K5-LAW",AL8="นิติศาสตร์",OR(K8="M2",K8="K4"),U8>=2),EDATE(R8,12*2),AND(AO8="K5-LAW",AL8="นิติศาสตร์",K8="S1",U8>=1),EDATE(R8,12),AND(AO8="K5-LAW",AL8="นิติศาสตร์",OR(K8="S2",K8="K5")),R8,AND(AO8="K5-POLICY",AL8<>"นิติศาสตร์",K8="S2",Y8="",AE8=""),R8,AND(AO8="K5-POLICY",AL8<>"นิติศาสตร์",K8="S1",Y8="",AE8=""),EDATE(R8,12),AND(AO8="K5-POLICY",AL8<>"นิติศาสตร์",OR(K8="M2",K8="K4"),Y8="",AE8=""),EDATE(R8,12*2),AND(AO8="K5-POLICY",AL8<>"นิติศาสตร์",OR(AE8="M2",AE8="K4"),AH8>=2,OR(AG8<AA8,AG8<R8)),EDATE(AG8,12*2),AND(AO8="K5-POLICY",AL8<>"นิติศาสตร์",AE8="S1",AH8>=1,OR(AG8<AA8,AG8<R8)),EDATE(AG8,12),AND(AO8="K5-POLICY",AL8<>"นิติศาสตร์",OR(Y8="M2",Y8="K4"),AB8>=2,AA8<R8),EDATE(AA8,12*2),AND(AO8="K5-POLICY",AL8<>"นิติศาสตร์",Y8="S1",AB8>=1,AA8<R8),EDATE(AA8,12),AND(AO8="K5-POLICY",AL8<>"นิติศาสตร์",OR(Y8="S2",Y8="K5")),AA8,AND(AO8="K5-POLICY",AL8<>"นิติศาสตร์",OR(K8="M2",K8="K4"),U8>=2),EDATE(R8,12*2),AND(AO8="K5-POLICY",AL8<>"นิติศาสตร์",K8="S1",U8>=1),EDATE(R8,12),AND(AO8="K5-POLICY",AL8<>"นิติศาสตร์",OR(K8="S2",K8="K5")),R8,TRUE,"Check Data") | AQ8: =IFERROR(TEXT(EDATE(AP8,543*12),"dd/mm/yyyy"),"Check Data") -> Check Data | AR8: =IFERROR(IF($C$1>AP8,AP8-$C$1,DATEDIF($C$1,AP8,"d")),"Check Data") -> Check Data | AS8: =_xlfn.IFS(AR8="Check Data","Check Data",AR8>30,"ยังไม่ถึงเกณฑ์",AR8>0,"ใกล้ถึงเกณฑ์",AR8=0,"ถึงเกณฑ์",AR8<0,"ถึงเกณฑ์นานแล้ว") -> Check Data | AT8: =IF(B8="","",IF(K8="S1","S1",INDEX(#REF!,#REF!))) | AU8: =K8 -> S1 | AV8: =K8=AT8 -> FALSE
A9: 7 | D9: กรมราชทัณฑ์ | E9: 30/11/2536 | F9: =IF(E9="","",TEXT(EDATE(E9,-543*12),"dd/mm/yyyy")) -> 30/11/1993 | G9: =IF(F9="",0,DATEDIF(F9,$C$1,"Y")) -> 31 | H9: =IF(F9="",0,DATEDIF(F9,$C$1,"YM")) -> 6 | I9: =IF(F9="",0,DATEDIF(F9,$C$1,"MD")) -> 21 | J9: รองอธิบดีกรมราชทัณฑ์ | K9: S1 | L9: =IF(B9="","",IF(K9="S1",K9,INDEX(#REF!,#REF!))) | M9: =K9=L9 -> FALSE | O9: ป.ช. | P9: 2574 | Q9: 21/01/2565 | R9: =TEXT(EDATE(Q9,-543*12),"dd/mm/yyyy") -> 21/01/2022 | S9: =IF(B9="","",IF(K9="S1",K9,INDEX(#REF!,#REF!))) | T9: =Q9=S9 -> FALSE | U9: =IF(R9="",0,DATEDIF(R9,$C$1,"Y")) -> 3 | V9: =IF(R9="",0,DATEDIF(R9,$C$1,"YM")) -> 4 | W9: =IF(R9="",0,DATEDIF(R9,$C$1,"MD")) -> 30 | AA9: =IF(Z9="","",TEXT(EDATE(Z9,-543*12),"dd/mm/yyyy")) | AB9: =IF(AA9="",0,DATEDIF(AA9,R9,"Y")) -> 0 | AC9: =IF(AA9="",0,DATEDIF(AA9,R9,"YM")) -> 0 | AD9: =IF(AA9="",0,DATEDIF(AA9,R9,"MD")) -> 0 | AG9: =IF(AF9="","",TEXT(EDATE(AF9,-543*12),"dd/mm/yyyy")) | AH9: =IF(AG9="",0,DATEDIF(AG9,AA9,"Y")) -> 0 | AI9: =IF(AG9="",0,DATEDIF(AG9,AA9,"YM")) -> 0 | AJ9: =IF(AG9="",0,DATEDIF(AG9,AA9,"MD")) -> 0 | AL9: ศึกษาบัณฑิต / ... | AM9: =IF(B9="","",IF(K9="S1",K9,INDEX(#REF!,#REF!))) | AN9: =AL9=AM9 -> FALSE | AO9: =IF(AL9="นิติศาสตร์","K5-LAW","K5-POLICY") -> K5-POLICY | AP9: =_xlfn.IFS(B9="","",AND(AO9="K5-LAW",AL9="นิติศาสตร์",K9="S2",Y9="",AE9=""),R9,AND(AO9="K5-LAW",AL9="นิติศาสตร์",K9="S1",Y9="",AE9=""),EDATE(R9,12),AND(AO9="K5-LAW",AL9="นิติศาสตร์",OR(K9="M2",K9="K4"),Y9="",AE9=""),EDATE(R9,12*2),AND(AO9="K5-LAW",AL9="นิติศาสตร์",OR(AE9="M2",AE9="K4"),AH9>=2,OR(AG9<AA9,AG9<R9)),EDATE(AG9,12*2),AND(AO9="K5-LAW",AL9="นิติศาสตร์",AE9="S1",AH9>=1,OR(AG9<AA9,AG9<R9)),EDATE(AG9,12),AND(AO9="K5-LAW",AL9="นิติศาสตร์",OR(Y9="M2",Y9="K4"),AB9>=2,AA9<R9),EDATE(AA9,12*2),AND(AO9="K5-LAW",AL9="นิติศาสตร์",Y9="S1",AB9>=1,AA9<R9),EDATE(AA9,12),AND(AO9="K5-LAW",AL9="นิติศาสตร์",OR(Y9="S2",Y9="K5")),AA9,AND(AO9="K5-LAW",AL9="นิติศาสตร์",OR(K9="M2",K9="K4"),U9>=2),EDATE(R9,12*2),AND(AO9="K5-LAW",AL9="นิติศาสตร์",K9="S1",U9>=1),EDATE(R9,12),AND(AO9="K5-LAW",AL9="นิติศาสตร์",OR(K9="S2",K9="K5")),R9,AND(AO9="K5-POLICY",AL9<>"นิติศาสตร์",K9="S2",Y9="",AE9=""),R9,AND(AO9="K5-POLICY",AL9<>"นิติศาสตร์",K9="S1",Y9="",AE9=""),EDATE(R9,12),AND(AO9="K5-POLICY",AL9<>"นิติศาสตร์",OR(K9="M2",K9="K4"),Y9="",AE9=""),EDATE(R9,12*2),AND(AO9="K5-POLICY",AL9<>"นิติศาสตร์",OR(AE9="M2",AE9="K4"),AH9>=2,OR(AG9<AA9,AG9<R9)),EDATE(AG9,12*2),AND(AO9="K5-POLICY",AL9<>"นิติศาสตร์",AE9="S1",AH9>=1,OR(AG9<AA9,AG9<R9)),EDATE(AG9,12),AND(AO9="K5-POLICY",AL9<>"นิติศาสตร์",OR(Y9="M2",Y9="K4"),AB9>=2,AA9<R9),EDATE(AA9,12*2),AND(AO9="K5-POLICY",AL9<>"นิติศาสตร์",Y9="S1",AB9>=1,AA9<R9),EDATE(AA9,12),AND(AO9="K5-POLICY",AL9<>"นิติศาสตร์",OR(Y9="S2",Y9="K5")),AA9,AND(AO9="K5-POLICY",AL9<>"นิติศาสตร์",OR(K9="M2",K9="K4"),U9>=2),EDATE(R9,12*2),AND(AO9="K5-POLICY",AL9<>"นิติศาสตร์",K9="S1",U9>=1),EDATE(R9,12),AND(AO9="K5-POLICY",AL9<>"นิติศาสตร์",OR(K9="S2",K9="K5")),R9,TRUE,"Check Data") | AQ9: =IFERROR(TEXT(EDATE(AP9,543*12),"dd/mm/yyyy"),"Check Data") -> Check Data | AR9: =IFERROR(IF($C$1>AP9,AP9-$C$1,DATEDIF($C$1,AP9,"d")),"Check Data") -> Check Data | AS9: =_xlfn.IFS(AR9="Check Data","Check Data",AR9>30,"ยังไม่ถึงเกณฑ์",AR9>0,"ใกล้ถึงเกณฑ์",AR9=0,"ถึงเกณฑ์",AR9<0,"ถึงเกณฑ์นานแล้ว") -> Check Data | AT9: =IF(B9="","",IF(K9="S1","S1",INDEX(#REF!,#REF!))) | AU9: =K9 -> S1 | AV9: =K9=AT9 -> FALSE
A10: 8 | D10: กรมคุ้มครองสิทธิและเสรีภาพ | E10: 06/01/2546 | F10: =IF(E10="","",TEXT(EDATE(E10,-543*12),"dd/mm/yyyy")) -> 06/01/2003 | G10: =IF(F10="",0,DATEDIF(F10,$C$1,"Y")) -> 22 | H10: =IF(F10="",0,DATEDIF(F10,$C$1,"YM")) -> 5 | I10: =IF(F10="",0,DATEDIF(F10,$C$1,"MD")) -> 14 | J10: รองอธิบดีกรมคุ้มครองสิทธิและเสรีภาพ | K10: S1 | L10: =IF(B10="","",IF(K10="S1",K10,INDEX(#REF!,#REF!))) | M10: =K10=L10 -> FALSE | P10: 2578 | Q10: 26/01/2565 | R10: =TEXT(EDATE(Q10,-543*12),"dd/mm/yyyy") -> 26/01/2022 | S10: =IF(B10="","",IF(K10="S1",K10,INDEX(#REF!,#REF!))) | T10: =Q10=S10 -> FALSE | U10: =IF(R10="",0,DATEDIF(R10,$C$1,"Y")) -> 3 | V10: =IF(R10="",0,DATEDIF(R10,$C$1,"YM")) -> 4 | W10: =IF(R10="",0,DATEDIF(R10,$C$1,"MD")) -> 25 | AA10: =IF(Z10="","",TEXT(EDATE(Z10,-543*12),"dd/mm/yyyy")) | AB10: =IF(AA10="",0,DATEDIF(AA10,R10,"Y")) -> 0 | AC10: =IF(AA10="",0,DATEDIF(AA10,R10,"YM")) -> 0 | AD10: =IF(AA10="",0,DATEDIF(AA10,R10,"MD")) -> 0 | AG10: =IF(AF10="","",TEXT(EDATE(AF10,-543*12),"dd/mm/yyyy")) | AH10: =IF(AG10="",0,DATEDIF(AG10,AA10,"Y")) -> 0 | AI10: =IF(AG10="",0,DATEDIF(AG10,AA10,"YM")) -> 0 | AJ10: =IF(AG10="",0,DATEDIF(AG10,AA10,"MD")) -> 0 | AL10: รัฐศาสตรบัณฑิต | AM10: =IF(B10="","",IF(K10="S1",K10,INDEX(#REF!,#REF!))) | AN10: =AL10=AM10 -> FALSE | AO10: =IF(AL10="นิติศาสตร์","K5-LAW","K5-POLICY") -> K5-POLICY | AP10: =_xlfn.IFS(B10="","",AND(AO10="K5-LAW",AL10="นิติศาสตร์",K10="S2",Y10="",AE10=""),R10,AND(AO10="K5-LAW",AL10="นิติศาสตร์",K10="S1",Y10="",AE10=""),EDATE(R10,12),AND(AO10="K5-LAW",AL10="นิติศาสตร์",OR(K10="M2",K10="K4"),Y10="",AE10=""),EDATE(R10,12*2),AND(AO10="K5-LAW",AL10="นิติศาสตร์",OR(AE10="M2",AE10="K4"),AH10>=2,OR(AG10<AA10,AG10<R10)),EDATE(AG10,12*2),AND(AO10="K5-LAW",AL10="นิติศาสตร์",AE10="S1",AH10>=1,OR(AG10<AA10,AG10<R10)),EDATE(AG10,12),AND(AO10="K5-LAW",AL10="นิติศาสตร์",OR(Y10="M2",Y10="K4"),AB10>=2,AA10<R10),EDATE(AA10,12*2),AND(AO10="K5-LAW",AL10="นิติศาสตร์",Y10="S1",AB10>=1,AA10<R10),EDATE(AA10,12),AND(AO10="K5-LAW",AL10="นิติศาสตร์",OR(Y10="S2",Y10="K5")),AA10,AND(AO10="K5-LAW",AL10="นิติศาสตร์",OR(K10="M2",K10="K4"),U10>=2),EDATE(R10,12*2),AND(AO10="K5-LAW",AL10="นิติศาสตร์",K10="S1",U10>=1),EDATE(R10,12),AND(AO10="K5-LAW",AL10="นิติศาสตร์",OR(K10="S2",K10="K5")),R10,AND(AO10="K5-POLICY",AL10<>"นิติศาสตร์",K10="S2",Y10="",AE10=""),R10,AND(AO10="K5-POLICY",AL10<>"นิติศาสตร์",K10="S1",Y10="",AE10=""),EDATE(R10,12),AND(AO10="K5-POLICY",AL10<>"นิติศาสตร์",OR(K10="M2",K10="K4"),Y10="",AE10=""),EDATE(R10,12*2),AND(AO10="K5-POLICY",AL10<>"นิติศาสตร์",OR(AE10="M2",AE10="K4"),AH10>=2,OR(AG10<AA10,AG10<R10)),EDATE(AG10,12*2),AND(AO10="K5-POLICY",AL10<>"นิติศาสตร์",AE10="S1",AH10>=1,OR(AG10<AA10,AG10<R10)),EDATE(AG10,12),AND(AO10="K5-POLICY",AL10<>"นิติศาสตร์",OR(Y10="M2",Y10="K4"),AB10>=2,AA10<R10),EDATE(AA10,12*2),AND(AO10="K5-POLICY",AL10<>"นิติศาสตร์",Y10="S1",AB10>=1,AA10<R10),EDATE(AA10,12),AND(AO10="K5-POLICY",AL10<>"นิติศาสตร์",OR(Y10="S2",Y10="K5")),AA10,AND(AO10="K5-POLICY",AL10<>"นิติศาสตร์",OR(K10="M2",K10="K4"),U10>=2),EDATE(R10,12*2),AND(AO10="K5-POLICY",AL10<>"นิติศาสตร์",K10="S1",U10>=1),EDATE(R10,12),AND(AO10="K5-POLICY",AL10<>"นิติศาสตร์",OR(K10="S2",K10="K5")),R10,TRUE,"Check Data") | AQ10: =IFERROR(TEXT(EDATE(AP10,543*12),"dd/mm/yyyy"),"Check Data") -> Check Data | AR10: =IFERROR(IF($C$1>AP10,AP10-$C$1,DATEDIF($C$1,AP10,"d")),"Check Data") -> Check Data | AS10: =_xlfn.IFS(AR10="Check Data","Check Data",AR10>30,"ยังไม่ถึงเกณฑ์",AR10>0,"ใกล้ถึงเกณฑ์",AR10=0,"ถึงเกณฑ์",AR10<0,"ถึงเกณฑ์นานแล้ว") -> Check Data | AT10: =IF(B10="","",IF(K10="S1","S1",INDEX(#REF!,#REF!))) | AU10: =K10 -> S1 | AV10: =K10=AT10 -> FALSE
A11: 9 | D11: สถาบันนิติวิทยาศาสตร์ | E11: 02/04/2533 | F11: =IF(E11="","",TEXT(EDATE(E11,-543*12),"dd/mm/yyyy")) -> 02/04/1990 | G11: =IF(F11="",0,DATEDIF(F11,$C$1,"Y")) -> 35 | H11: =IF(F11="",0,DATEDIF(F11,$C$1,"YM")) -> 2 | I11: =IF(F11="",0,DATEDIF(F11,$C$1,"MD")) -> 18 | J11: รองผู้อำนวยการสถาบันนิติวิทยาศาสตร์ | K11: S1 | L11: =IF(B11="","",IF(K11="S1",K11,INDEX(#REF!,#REF!))) | M11: =K11=L11 -> FALSE | P11: 2569 | Q11: 29/11/2565 | R11: =TEXT(EDATE(Q11,-543*12),"dd/mm/yyyy") -> 29/11/2022 | S11: =IF(B11="","",IF(K11="S1",K11,INDEX(#REF!,#REF!))) | T11: =Q11=S11 -> FALSE | U11: =IF(R11="",0,DATEDIF(R11,$C$1,"Y")) -> 2 | V11: =IF(R11="",0,DATEDIF(R11,$C$1,"YM")) -> 6 | W11: =IF(R11="",0,DATEDIF(R11,$C$1,"MD")) -> 22 | AA11: =IF(Z11="","",TEXT(EDATE(Z11,-543*12),"dd/mm/yyyy")) | AB11: =IF(AA11="",0,DATEDIF(AA11,R11,"Y")) -> 0 | AC11: =IF(AA11="",0,DATEDIF(AA11,R11,"YM")) -> 0 | AD11: =IF(AA11="",0,DATEDIF(AA11,R11,"MD")) -> 0 | AG11: =IF(AF11="","",TEXT(EDATE(AF11,-543*12),"dd/mm/yyyy")) | AH11: =IF(AG11="",0,DATEDIF(AG11,AA11,"Y")) -> 0 | AI11: =IF(AG11="",0,DATEDIF(AG11,AA11,"YM")) -> 0 | AJ11: =IF(AG11="",0,DATEDIF(AG11,AA11,"MD")) -> 0 | AL11: ทันตแพทยศาสตรบัณฑิต | AM11: =IF(B11="","",IF(K11="S1",K11,INDEX(#REF!,#REF!))) | AN11: =AL11=AM11 -> FALSE | AO11: =IF(AL11="นิติศาสตร์","K5-LAW","K5-POLICY") -> K5-POLICY | AP11: =_xlfn.IFS(B11="","",AND(AO11="K5-LAW",AL11="นิติศาสตร์",K11="S2",Y11="",AE11=""),R11,AND(AO11="K5-LAW",AL11="นิติศาสตร์",K11="S1",Y11="",AE11=""),EDATE(R11,12),AND(AO11="K5-LAW",AL11="นิติศาสตร์",OR(K11="M2",K11="K4"),Y11="",AE11=""),EDATE(R11,12*2),AND(AO11="K5-LAW",AL11="นิติศาสตร์",OR(AE11="M2",AE11="K4"),AH11>=2,OR(AG11<AA11,AG11<R11)),EDATE(AG11,12*2),AND(AO11="K5-LAW",AL11="นิติศาสตร์",AE11="S1",AH11>=1,OR(AG11<AA11,AG11<R11)),EDATE(AG11,12),AND(AO11="K5-LAW",AL11="นิติศาสตร์",OR(Y11="M2",Y11="K4"),AB11>=2,AA11<R11),EDATE(AA11,12*2),AND(AO11="K5-LAW",AL11="นิติศาสตร์",Y11="S1",AB11>=1,AA11<R11),EDATE(AA11,12),AND(AO11="K5-LAW",AL11="นิติศาสตร์",OR(Y11="S2",Y11="K5")),AA11,AND(AO11="K5-LAW",AL11="นิติศาสตร์",OR(K11="M2",K11="K4"),U11>=2),EDATE(R11,12*2),AND(AO11="K5-LAW",AL11="นิติศาสตร์",K11="S1",U11>=1),EDATE(R11,12),AND(AO11="K5-LAW",AL11="นิติศาสตร์",OR(K11="S2",K11="K5")),R11,AND(AO11="K5-POLICY",AL11<>"นิติศาสตร์",K11="S2",Y11="",AE11=""),R11,AND(AO11="K5-POLICY",AL11<>"นิติศาสตร์",K11="S1",Y11="",AE11=""),EDATE(R11,12),AND(AO11="K5-POLICY",AL11<>"นิติศาสตร์",OR(K11="M2",K11="K4"),Y11="",AE11=""),EDATE(R11,12*2),AND(AO11="K5-POLICY",AL11<>"นิติศาสตร์",OR(AE11="M2",AE11="K4"),AH11>=2,OR(AG11<AA11,AG11<R11)),EDATE(AG11,12*2),AND(AO11="K5-POLICY",AL11<>"นิติศาสตร์",AE11="S1",AH11>=1,OR(AG11<AA11,AG11<R11)),EDATE(AG11,12),AND(AO11="K5-POLICY",AL11<>"นิติศาสตร์",OR(Y11="M2",Y11="K4"),AB11>=2,AA11<R11),EDATE(AA11,12*2),AND(AO11="K5-POLICY",AL11<>"นิติศาสตร์",Y11="S1",AB11>=1,AA11<R11),EDATE(AA11,12),AND(AO11="K5-POLICY",AL11<>"นิติศาสตร์",OR(Y11="S2",Y11="K5")),AA11,AND(AO11="K5-POLICY",AL11<>"นิติศาสตร์",OR(K11="M2",K11="K4"),U11>=2),EDATE(R11,12*2),AND(AO11="K5-POLICY",AL11<>"นิติศาสตร์",K11="S1",U11>=1),EDATE(R11,12),AND(AO11="K5-POLICY",AL11<>"นิติศาสตร์",OR(K11="S2",K11="K5")),R11,TRUE,"Check Data") | AQ11: =IFERROR(TEXT(EDATE(AP11,543*12),"dd/mm/yyyy"),"Check Data") -> Check Data | AR11: =IFERROR(IF($C$1>AP11,AP11-$C$1,DATEDIF($C$1,AP11,"d")),"Check Data") -> Check Data | AS11: =_xlfn.IFS(AR11="Check Data","Check Data",AR11>30,"ยังไม่ถึงเกณฑ์",AR11>0,"ใกล้ถึงเกณฑ์",AR11=0,"ถึงเกณฑ์",AR11<0,"ถึงเกณฑ์นานแล้ว") -> Check Data | AT11: =IF(B11="","",IF(K11="S1","S1",INDEX(#REF!,#REF!))) | AU11: =K11 -> S1 | AV11: =K11=AT11 -> FALSE
A12: 10 | D12: กรมสอบสวนคดีพิเศษ | E12: 01/05/2534 | F12: =IF(E12="","",TEXT(EDATE(E12,-543*12),"dd/mm/yyyy")) -> 01/05/1991 | G12: =IF(F12="",0,DATEDIF(F12,$C$1,"Y")) -> 34 | H12: =IF(F12="",0,DATEDIF(F12,$C$1,"YM")) -> 1 | I12: =IF(F12="",0,DATEDIF(F12,$C$1,"MD")) -> 19 | J12: รองอธิบดีกรมสอบสวนคดีพิเศษ | K12: S1 | L12: =IF(B12="","",IF(K12="S1",K12,INDEX(#REF!,#REF!))) | M12: =K12=L12 -> FALSE | O12: ป.ช. | P12: 2574 | Q12: 20/01/2566 | R12: =TEXT(EDATE(Q12,-543*12),"dd/mm/yyyy") -> 20/01/2023 | S12: =IF(B12="","",IF(K12="S1",K12,INDEX(#REF!,#REF!))) | T12: =Q12=S12 -> FALSE | U12: =IF(R12="",0,DATEDIF(R12,$C$1,"Y")) -> 2 | V12: =IF(R12="",0,DATEDIF(R12,$C$1,"YM")) -> 5 | W12: =IF(R12="",0,DATEDIF(R12,$C$1,"MD")) -> 0 | AA12: =IF(Z12="","",TEXT(EDATE(Z12,-543*12),"dd/mm/yyyy")) | AB12: =IF(AA12="",0,DATEDIF(AA12,R12,"Y")) -> 0 | AC12: =IF(AA12="",0,DATEDIF(AA12,R12,"YM")) -> 0 | AD12: =IF(AA12="",0,DATEDIF(AA12,R12,"MD")) -> 0 | AG12: =IF(AF12="","",TEXT(EDATE(AF12,-543*12),"dd/mm/yyyy")) | AH12: =IF(AG12="",0,DATEDIF(AG12,AA12,"Y")) -> 0 | AI12: =IF(AG12="",0,DATEDIF(AG12,AA12,"YM")) -> 0 | AJ12: =IF(AG12="",0,DATEDIF(AG12,AA12,"MD")) -> 0 | AL12: นิติศาสตร์ | AM12: =IF(B12="","",IF(K12="S1",K12,INDEX(#REF!,#REF!))) | AN12: =AL12=AM12 -> FALSE | AO12: =IF(AL12="นิติศาสตร์","K5-LAW","K5-POLICY") -> K5-LAW | AP12: =_xlfn.IFS(B12="","",AND(AO12="K5-LAW",AL12="นิติศาสตร์",K12="S2",Y12="",AE12=""),R12,AND(AO12="K5-LAW",AL12="นิติศาสตร์",K12="S1",Y12="",AE12=""),EDATE(R12,12),AND(AO12="K5-LAW",AL12="นิติศาสตร์",OR(K12="M2",K12="K4"),Y12="",AE12=""),EDATE(R12,12*2),AND(AO12="K5-LAW",AL12="นิติศาสตร์",OR(AE12="M2",AE12="K4"),AH12>=2,OR(AG12<AA12,AG12<R12)),EDATE(AG12,12*2),AND(AO12="K5-LAW",AL12="นิติศาสตร์",AE12="S1",AH12>=1,OR(AG12<AA12,AG12<R12)),EDATE(AG12,12),AND(AO12="K5-LAW",AL12="นิติศาสตร์",OR(Y12="M2",Y12="K4"),AB12>=2,AA12<R12),EDATE(AA12,12*2),AND(AO12="K5-LAW",AL12="นิติศาสตร์",Y12="S1",AB12>=1,AA12<R12),EDATE(AA12,12),AND(AO12="K5-LAW",AL12="นิติศาสตร์",OR(Y12="S2",Y12="K5")),AA12,AND(AO12="K5-LAW",AL12="นิติศาสตร์",OR(K12="M2",K12="K4"),U12>=2),EDATE(R12,12*2),AND(AO12="K5-LAW",AL12="นิติศาสตร์",K12="S1",U12>=1),EDATE(R12,12),AND(AO12="K5-LAW",AL12="นิติศาสตร์",OR(K12="S2",K12="K5")),R12,AND(AO12="K5-POLICY",AL12<>"นิติศาสตร์",K12="S2",Y12="",AE12=""),R12,AND(AO12="K5-POLICY",AL12<>"นิติศาสตร์",K12="S1",Y12="",AE12=""),EDATE(R12,12),AND(AO12="K5-POLICY",AL12<>"นิติศาสตร์",OR(K12="M2",K12="K4"),Y12="",AE12=""),EDATE(R12,12*2),AND(AO12="K5-POLICY",AL12<>"นิติศาสตร์",OR(AE12="M2",AE12="K4"),AH12>=2,OR(AG12<AA12,AG12<R12)),EDATE(AG12,12*2),AND(AO12="K5-POLICY",AL12<>"นิติศาสตร์",AE12="S1",AH12>=1,OR(AG12<AA12,AG12<R12)),EDATE(AG12,12),AND(AO12="K5-POLICY",AL12<>"นิติศาสตร์",OR(Y12="M2",Y12="K4"),AB12>=2,AA12<R12),EDATE(AA12,12*2),AND(AO12="K5-POLICY",AL12<>"นิติศาสตร์",Y12="S1",AB12>=1,AA12<R12),EDATE(AA12,12),AND(AO12="K5-POLICY",AL12<>"นิติศาสตร์",OR(Y12="S2",Y12="K5")),AA12,AND(AO12="K5-POLICY",AL12<>"นิติศาสตร์",OR(K12="M2",K12="K4"),U12>=2),EDATE(R12,12*2),AND(AO12="K5-POLICY",AL12<>"นิติศาสตร์",K12="S1",U12>=1),EDATE(R12,12),AND(AO12="K5-POLICY",AL12<>"นิติศาสตร์",OR(K12="S2",K12="K5")),R12,TRUE,"Check Data") | AQ12: =IFERROR(TEXT(EDATE(AP12,543*12),"dd/mm/yyyy"),"Check Data") -> Check Data | AR12: =IFERROR(IF($C$1>AP12,AP12-$C$1,DATEDIF($C$1,AP12,"d")),"Check Data") -> Check Data | AS12: =_xlfn.IFS(AR12="Check Data","Check Data",AR12>30,"ยังไม่ถึงเกณฑ์",AR12>0,"ใกล้ถึงเกณฑ์",AR12=0,"ถึงเกณฑ์",AR12<0,"ถึงเกณฑ์นานแล้ว") -> Check Data | AT12: =IF(B12="","",IF(K12="S1","S1",INDEX(#REF!,#REF!))) | AU12: =K12 -> S1 | AV12: =K12=AT12 -> FALSE
A13: 11 | D13: กรมคุมประพฤติ | E13: 01/05/2533 | F13: =IF(E13="","",TEXT(EDATE(E13,-543*12),"dd/mm/yyyy")) -> 01/05/1990 | G13: =IF(F13="",0,DATEDIF(F13,$C$1,"Y")) -> 35 | H13: =IF(F13="",0,DATEDIF(F13,$C$1,"YM")) -> 1 | I13: =IF(F13="",0,DATEDIF(F13,$C$1,"MD")) -> 19 | J13: รองอธิบดีกรมคุมประพฤติ | K13: S1 | L13: =IF(B13="","",IF(K13="S1",K13,INDEX(#REF!,#REF!))) | M13: =K13=L13 -> FALSE | O13: ป.ช. | P13: 2572 | Q13: 20/01/2566 | R13: =TEXT(EDATE(Q13,-543*12),"dd/mm/yyyy") -> 20/01/2023 | S13: =IF(B13="","",IF(K13="S1",K13,INDEX(#REF!,#REF!))) | T13: =Q13=S13 -> FALSE | U13: =IF(R13="",0,DATEDIF(R13,$C$1,"Y")) -> 2 | V13: =IF(R13="",0,DATEDIF(R13,$C$1,"YM")) -> 5 | W13: =IF(R13="",0,DATEDIF(R13,$C$1,"MD")) -> 0 | AA13: =IF(Z13="","",TEXT(EDATE(Z13,-543*12),"dd/mm/yyyy")) | AB13: =IF(AA13="",0,DATEDIF(AA13,R13,"Y")) -> 0 | AC13: =IF(AA13="",0,DATEDIF(AA13,R13,"YM")) -> 0 | AD13: =IF(AA13="",0,DATEDIF(AA13,R13,"MD")) -> 0 | AG13: =IF(AF13="","",TEXT(EDATE(AF13,-543*12),"dd/mm/yyyy")) | AH13: =IF(AG13="",0,DATEDIF(AG13,AA13,"Y")) -> 0 | AI13: =IF(AG13="",0,DATEDIF(AG13,AA13,"YM")) -> 0 | AJ13: =IF(AG13="",0,DATEDIF(AG13,AA13,"MD")) -> 0 | AL13: นิติศาสตร์ | AM13: =IF(B13="","",IF(K13="S1",K13,INDEX(#REF!,#REF!))) | AN13: =AL13=AM13 -> FALSE | AO13: =IF(AL13="นิติศาสตร์","K5-LAW","K5-POLICY") -> K5-LAW | AP13: =_xlfn.IFS(B13="","",AND(AO13="K5-LAW",AL13="นิติศาสตร์",K13="S2",Y13="",AE13=""),R13,AND(AO13="K5-LAW",AL13="นิติศาสตร์",K13="S1",Y13="",AE13=""),EDATE(R13,12),AND(AO13="K5-LAW",AL13="นิติศาสตร์",OR(K13="M2",K13="K4"),Y13="",AE13=""),EDATE(R13,12*2),AND(AO13="K5-LAW",AL13="นิติศาสตร์",OR(AE13="M2",AE13="K4"),AH13>=2,OR(AG13<AA13,AG13<R13)),EDATE(AG13,12*2),AND(AO13="K5-LAW",AL13="นิติศาสตร์",AE13="S1",AH13>=1,OR(AG13<AA13,AG13<R13)),EDATE(AG13,12),AND(AO13="K5-LAW",AL13="นิติศาสตร์",OR(Y13="M2",Y13="K4"),AB13>=2,AA13<R13),EDATE(AA13,12*2),AND(AO13="K5-LAW",AL13="นิติศาสตร์",Y13="S1",AB13>=1,AA13<R13),EDATE(AA13,12),AND(AO13="K5-LAW",AL13="นิติศาสตร์",OR(Y13="S2",Y13="K5")),AA13,AND(AO13="K5-LAW",AL13="นิติศาสตร์",OR(K13="M2",K13="K4"),U13>=2),EDATE(R13,12*2),AND(AO13="K5-LAW",AL13="นิติศาสตร์",K13="S1",U13>=1),EDATE(R13,12),AND(AO13="K5-LAW",AL13="นิติศาสตร์",OR(K13="S2",K13="K5")),R13,AND(AO13="K5-POLICY",AL13<>"นิติศาสตร์",K13="S2",Y13="",AE13=""),R13,AND(AO13="K5-POLICY",AL13<>"นิติศาสตร์",K13="S1",Y13="",AE13=""),EDATE(R13,12),AND(AO13="K5-POLICY",AL13<>"นิติศาสตร์",OR(K13="M2",K13="K4"),Y13="",AE13=""),EDATE(R13,12*2),AND(AO13="K5-POLICY",AL13<>"นิติศาสตร์",OR(AE13="M2",AE13="K4"),AH13>=2,OR(AG13<AA13,AG13<R13)),EDATE(AG13,12*2),AND(AO13="K5-POLICY",AL13<>"นิติศาสตร์",AE13="S1",AH13>=1,OR(AG13<AA13,AG13<R13)),EDATE(AG13,12),AND(AO13="K5-POLICY",AL13<>"นิติศาสตร์",OR(Y13="M2",Y13="K4"),AB13>=2,AA13<R13),EDATE(AA13,12*2),AND(AO13="K5-POLICY",AL13<>"นิติศาสตร์",Y13="S1",AB13>=1,AA13<R13),EDATE(AA13,12),AND(AO13="K5-POLICY",AL13<>"นิติศาสตร์",OR(Y13="S2",Y13="K5")),AA13,AND(AO13="K5-POLICY",AL13<>"นิติศาสตร์",OR(K13="M2",K13="K4"),U13>=2),EDATE(R13,12*2),AND(AO13="K5-POLICY",AL13<>"นิติศาสตร์",K13="S1",U13>=1),EDATE(R13,12),AND(AO13="K5-POLICY",AL13<>"นิติศาสตร์",OR(K13="S2",K13="K5")),R13,TRUE,"Check Data") | AQ13: =IFERROR(TEXT(EDATE(AP13,543*12),"dd/mm/yyyy"),"Check Data") -> Check Data | AR13: =IFERROR(IF($C$1>AP13,AP13-$C$1,DATEDIF($C$1,AP13,"d")),"Check Data") -> Check Data | AS13: =_xlfn.IFS(AR13="Check Data","Check Data",AR13>30,"ยังไม่ถึงเกณฑ์",AR13>0,"ใกล้ถึงเกณฑ์",AR13=0,"ถึงเกณฑ์",AR13<0,"ถึงเกณฑ์นานแล้ว") -> Check Data | AT13: =IF(B13="","",IF(K13="S1","S1",INDEX(#REF!,#REF!))) | AU13: =K13 -> S1 | AV13: =K13=AT13 -> FALSE
A14: 12 | D14: กรมบังคับคดี | E14: 10/08/2535 | F14: =IF(E14="","",TEXT(EDATE(E14,-543*12),"dd/mm/yyyy")) -> 10/08/1992 | G14: =IF(F14="",0,DATEDIF(F14,$C$1,"Y")) -> 32 | H14: =IF(F14="",0,DATEDIF(F14,$C$1,"YM")) -> 10 | I14: =IF(F14="",0,DATEDIF(F14,$C$1,"MD")) -> 10 | J14: รองอธิบดีกรมบังคับคดี | K14: S1 | L14: =IF(B14="","",IF(K14="S1",K14,INDEX(#REF!,#REF!))) | M14: =K14=L14 -> FALSE | O14: ป.ช. | P14: 2569 เกิด 14 พ.ย. 08 | Q14: 24/07/2566 | R14: =TEXT(EDATE(Q14,-543*12),"dd/mm/yyyy") -> 24/07/2023 | S14: =IF(B14="","",IF(K14="S1",K14,INDEX(#REF!,#REF!))) | T14: =Q14=S14 -> FALSE | U14: =IF(R14="",0,DATEDIF(R14,$C$1,"Y")) -> 1 | V14: =IF(R14="",0,DATEDIF(R14,$C$1,"YM")) -> 10 | W14: =IF(R14="",0,DATEDIF(R14,$C$1,"MD")) -> 27 | X14: M2 01/10/2560 | Y14: M2 | Z14: 01/10/2560 | AA14: =IF(Z14="","",TEXT(EDATE(Z14,-543*12),"dd/mm/yyyy")) -> 01/10/2017 | AB14: =IF(AA14="",0,DATEDIF(AA14,R14,"Y")) -> 5 | AC14: =IF(AA14="",0,DATEDIF(AA14,R14,"YM")) -> 9 | AD14: =IF(AA14="",0,DATEDIF(AA14,R14,"MD")) -> 23 | AG14: =IF(AF14="","",TEXT(EDATE(AF14,-543*12),"dd/mm/yyyy")) | AH14: =IF(AG14="",0,DATEDIF(AG14,AA14,"Y")) -> 0 | AI14: =IF(AG14="",0,DATEDIF(AG14,AA14,"YM")) -> 0 | AJ14: =IF(AG14="",0,DATEDIF(AG14,AA14,"MD")) -> 0 | AL14: นิติศาสตร์ | AM14: =IF(B14="","",IF(K14="S1",K14,INDEX(#REF!,#REF!))) | AN14: =AL14=AM14 -> FALSE | AO14: =IF(AL14="นิติศาสตร์","K5-LAW","K5-POLICY") -> K5-LAW | AP14: =_xlfn.IFS(B14="","",AND(AO14="K5-LAW",AL14="นิติศาสตร์",K14="S2",Y14="",AE14=""),R14,AND(AO14="K5-LAW",AL14="นิติศาสตร์",K14="S1",Y14="",AE14=""),EDATE(R14,12),AND(AO14="K5-LAW",AL14="นิติศาสตร์",OR(K14="M2",K14="K4"),Y14="",AE14=""),EDATE(R14,12*2),AND(AO14="K5-LAW",AL14="นิติศาสตร์",OR(AE14="M2",AE14="K4"),AH14>=2,OR(AG14<AA14,AG14<R14)),EDATE(AG14,12*2),AND(AO14="K5-LAW",AL14="นิติศาสตร์",AE14="S1",AH14>=1,OR(AG14<AA14,AG14<R14)),EDATE(AG14,12),AND(AO14="K5-LAW",AL14="นิติศาสตร์",OR(Y14="M2",Y14="K4"),AB14>=2,AA14<R14),EDATE(AA14,12*2),AND(AO14="K5-LAW",AL14="นิติศาสตร์",Y14="S1",AB14>=1,AA14<R14),EDATE(AA14,12),AND(AO14="K5-LAW",AL14="นิติศาสตร์",OR(Y14="S2",Y14="K5")),AA14,AND(AO14="K5-LAW",AL14="นิติศาสตร์",OR(K14="M2",K14="K4"),U14>=2),EDATE(R14,12*2),AND(AO14="K5-LAW",AL14="นิติศาสตร์",K14="S1",U14>=1),EDATE(R14,12),AND(AO14="K5-LAW",AL14="นิติศาสตร์",OR(K14="S2",K14="K5")),R14,AND(AO14="K5-POLICY",AL14<>"นิติศาสตร์",K14="S2",Y14="",AE14=""),R14,AND(AO14="K5-POLICY",AL14<>"นิติศาสตร์",K14="S1",Y14="",AE14=""),EDATE(R14,12),AND(AO14="K5-POLICY",AL14<>"นิติศาสตร์",OR(K14="M2",K14="K4"),Y14="",AE14=""),EDATE(R14,12*2),AND(AO14="K5-POLICY",AL14<>"นิติศาสตร์",OR(AE14="M2",AE14="K4"),AH14>=2,OR(AG14<AA14,AG14<R14)),EDATE(AG14,12*2),AND(AO14="K5-POLICY",AL14<>"นิติศาสตร์",AE14="S1",AH14>=1,OR(AG14<AA14,AG14<R14)),EDATE(AG14,12),AND(AO14="K5-POLICY",AL14<>"นิติศาสตร์",OR(Y14="M2",Y14="K4"),AB14>=2,AA14<R14),EDATE(AA14,12*2),AND(AO14="K5-POLICY",AL14<>"นิติศาสตร์",Y14="S1",AB14>=1,AA14<R14),EDATE(AA14,12),AND(AO14="K5-POLICY",AL14<>"นิติศาสตร์",OR(Y14="S2",Y14="K5")),AA14,AND(AO14="K5-POLICY",AL14<>"นิติศาสตร์",OR(K14="M2",K14="K4"),U14>=2),EDATE(R14,12*2),AND(AO14="K5-POLICY",AL14<>"นิติศาสตร์",K14="S1",U14>=1),EDATE(R14,12),AND(AO14="K5-POLICY",AL14<>"นิติศาสตร์",OR(K14="S2",K14="K5")),R14,TRUE,"Check Data") | AQ14: =IFERROR(TEXT(EDATE(AP14,543*12),"dd/mm/yyyy"),"Check Data") -> Check Data | AR14: =IFERROR(IF($C$1>AP14,AP14-$C$1,DATEDIF($C$1,AP14,"d")),"Check Data") -> Check Data | AS14: =_xlfn.IFS(AR14="Check Data","Check Data",AR14>30,"ยังไม่ถึงเกณฑ์",AR14>0,"ใกล้ถึงเกณฑ์",AR14=0,"ถึงเกณฑ์",AR14<0,"ถึงเกณฑ์นานแล้ว") -> Check Data | AT14: =IF(B14="","",IF(K14="S1","S1",INDEX(#REF!,#REF!))) | AU14: =K14 -> S1 | AV14: =K14=AT14 -> FALSE
A15: 13 | D15: สำนักงานปลัดกระทรวงยุติธรรม | E15: 29/01/2539 | F15: =IF(E15="","",TEXT(EDATE(E15,-543*12),"dd/mm/yyyy")) -> 29/01/1996 | G15: =IF(F15="",0,DATEDIF(F15,$C$1,"Y")) -> 29 | H15: =IF(F15="",0,DATEDIF(F15,$C$1,"YM")) -> 4 | I15: =IF(F15="",0,DATEDIF(F15,$C$1,"MD")) -> 22 | J15: ผู้ช่วยปลัดกระทรวงยุติธรรม | K15: S1 | L15: =IF(B15="","",IF(K15="S1",K15,INDEX(#REF!,#REF!))) | M15: =K15=L15 -> FALSE | O15: ป.ม. | P15: 2574 เกิด 20 พ.ย. 13 | Q15: 24/07/2566 | R15: =TEXT(EDATE(Q15,-543*12),"dd/mm/yyyy") -> 24/07/2023 | S15: =IF(B15="","",IF(K15="S1",K15,INDEX(#REF!,#REF!))) | T15: =Q15=S15 -> FALSE | U15: =IF(R15="",0,DATEDIF(R15,$C$1,"Y")) -> 1 | V15: =IF(R15="",0,DATEDIF(R15,$C$1,"YM")) -> 10 | W15: =IF(R15="",0,DATEDIF(R15,$C$1,"MD")) -> 27 | X15: M2 09/06/2566 | Y15: M2 | Z15: 09/06/2566 | AA15: =IF(Z15="","",TEXT(EDATE(Z15,-543*12),"dd/mm/yyyy")) -> 09/06/2023 | AB15: =IF(AA15="",0,DATEDIF(AA15,R15,"Y")) -> 0 | AC15: =IF(AA15="",0,DATEDIF(AA15,R15,"YM")) -> 1 | AD15: =IF(AA15="",0,DATEDIF(AA15,R15,"MD")) -> 15 | AE15: K4 | AF15: 18/02/2562 | AG15: =IF(AF15="","",TEXT(EDATE(AF15,-543*12),"dd/mm/yyyy")) -> 18/02/2019 | AH15: =IF(AG15="",0,DATEDIF(AG15,AA15,"Y")) -> 4 | AI15: =IF(AG15="",0,DATEDIF(AG15,AA15,"YM")) -> 3 | AJ15: =IF(AG15="",0,DATEDIF(AG15,AA15,"MD")) -> 22 | AL15: นิติศาสตร์ | AM15: =IF(B15="","",IF(K15="S1",K15,INDEX(#REF!,#REF!))) | AN15: =AL15=AM15 -> FALSE | AO15: =IF(AL15="นิติศาสตร์","K5-LAW","K5-POLICY") -> K5-LAW | AP15: =_xlfn.IFS(B15="","",AND(AO15="K5-LAW",AL15="นิติศาสตร์",K15="S2",Y15="",AE15=""),R15,AND(AO15="K5-LAW",AL15="นิติศาสตร์",K15="S1",Y15="",AE15=""),EDATE(R15,12),AND(AO15="K5-LAW",AL15="นิติศาสตร์",OR(K15="M2",K15="K4"),Y15="",AE15=""),EDATE(R15,12*2),AND(AO15="K5-LAW",AL15="นิติศาสตร์",OR(AE15="M2",AE15="K4"),AH15>=2,OR(AG15<AA15,AG15<R15)),EDATE(AG15,12*2),AND(AO15="K5-LAW",AL15="นิติศาสตร์",AE15="S1",AH15>=1,OR(AG15<AA15,AG15<R15)),EDATE(AG15,12),AND(AO15="K5-LAW",AL15="นิติศาสตร์",OR(Y15="M2",Y15="K4"),AB15>=2,AA15<R15),EDATE(AA15,12*2),AND(AO15="K5-LAW",AL15="นิติศาสตร์",Y15="S1",AB15>=1,AA15<R15),EDATE(AA15,12),AND(AO15="K5-LAW",AL15="นิติศาสตร์",OR(Y15="S2",Y15="K5")),AA15,AND(AO15="K5-LAW",AL15="นิติศาสตร์",OR(K15="M2",K15="K4"),U15>=2),EDATE(R15,12*2),AND(AO15="K5-LAW",AL15="นิติศาสตร์",K15="S1",U15>=1),EDATE(R15,12),AND(AO15="K5-LAW",AL15="นิติศาสตร์",OR(K15="S2",K15="K5")),R15,AND(AO15="K5-POLICY",AL15<>"นิติศาสตร์",K15="S2",Y15="",AE15=""),R15,AND(AO15="K5-POLICY",AL15<>"นิติศาสตร์",K15="S1",Y15="",AE15=""),EDATE(R15,12),AND(AO15="K5-POLICY",AL15<>"นิติศาสตร์",OR(K15="M2",K15="K4"),Y15="",AE15=""),EDATE(R15,12*2),AND(AO15="K5-POLICY",AL15<>"นิติศาสตร์",OR(AE15="M2",AE15="K4"),AH15>=2,OR(AG15<AA15,AG15<R15)),EDATE(AG15,12*2),AND(AO15="K5-POLICY",AL15<>"นิติศาสตร์",AE15="S1",AH15>=1,OR(AG15<AA15,AG15<R15)),EDATE(AG15,12),AND(AO15="K5-POLICY",AL15<>"นิติศาสตร์",OR(Y15="M2",Y15="K4"),AB15>=2,AA15<R15),EDATE(AA15,12*2),AND(AO15="K5-POLICY",AL15<>"นิติศาสตร์",Y15="S1",AB15>=1,AA15<R15),EDATE(AA15,12),AND(AO15="K5-POLICY",AL15<>"นิติศาสตร์",OR(Y15="S2",Y15="K5")),AA15,AND(AO15="K5-POLICY",AL15<>"นิติศาสตร์",OR(K15="M2",K15="K4"),U15>=2),EDATE(R15,12*2),AND(AO15="K5-POLICY",AL15<>"นิติศาสตร์",K15="S1",U15>=1),EDATE(R15,12),AND(AO15="K5-POLICY",AL15<>"นิติศาสตร์",OR(K15="S2",K15="K5")),R15,TRUE,"Check Data") | AQ15: =IFERROR(TEXT(EDATE(AP15,543*12),"dd/mm/yyyy"),"Check Data") -> Check Data | AR15: =IFERROR(IF($C$1>AP15,AP15-$C$1,DATEDIF($C$1,AP15,"d")),"Check Data") -> Check Data | AS15: =_xlfn.IFS(AR15="Check Data","Check Data",AR15>30,"ยังไม่ถึงเกณฑ์",AR15>0,"ใกล้ถึงเกณฑ์",AR15=0,"ถึงเกณฑ์",AR15<0,"ถึงเกณฑ์นานแล้ว") -> Check Data | AT15: =IF(B15="","",IF(K15="S1","S1",INDEX(#REF!,#REF!))) | AU15: =K15 -> S1 | AV15: =K15=AT15 -> FALSE
A16: 14 | D16: สำนักงานปลัดกระทรวงยุติธรรม | E16: 23/12/2540 | F16: =IF(E16="","",TEXT(EDATE(E16,-543*12),"dd/mm/yyyy")) -> 23/12/1997 | G16: =IF(F16="",0,DATEDIF(F16,$C$1,"Y")) -> 27 | H16: =IF(F16="",0,DATEDIF(F16,$C$1,"YM")) -> 5 | I16: =IF(F16="",0,DATEDIF(F16,$C$1,"MD")) -> 28 | J16: ผู้ช่วยปลัดกระทรวงยุติธรรม | K16: S1 | L16: =IF(B16="","",IF(K16="S1",K16,INDEX(#REF!,#REF!))) | M16: =K16=L16 -> FALSE | O16: ป.ช. | P16: 2579 เกิด 25 พ.ย. 18 | Q16: 24/07/2566 | R16: =TEXT(EDATE(Q16,-543*12),"dd/mm/yyyy") -> 24/07/2023 | S16: =IF(B16="","",IF(K16="S1",K16,INDEX(#REF!,#REF!))) | T16: =Q16=S16 -> FALSE | U16: =IF(R16="",0,DATEDIF(R16,$C$1,"Y")) -> 1 | V16: =IF(R16="",0,DATEDIF(R16,$C$1,"YM")) -> 10 | W16: =IF(R16="",0,DATEDIF(R16,$C$1,"MD")) -> 27 | X16: M2 26/10/2559 | Y16: M2 | Z16: 26/10/2559 | AA16: =IF(Z16="","",TEXT(EDATE(Z16,-543*12),"dd/mm/yyyy")) -> 26/10/2016 | AB16: =IF(AA16="",0,DATEDIF(AA16,R16,"Y")) -> 6 | AC16: =IF(AA16="",0,DATEDIF(AA16,R16,"YM")) -> 8 | AD16: =IF(AA16="",0,DATEDIF(AA16,R16,"MD")) -> 28 | AE16: K3 | AF16: 12/11/2553 | AG16: =IF(AF16="","",TEXT(EDATE(AF16,-543*12),"dd/mm/yyyy")) -> 12/11/2010 | AH16: =IF(AG16="",0,DATEDIF(AG16,AA16,"Y")) -> 5 | AI16: =IF(AG16="",0,DATEDIF(AG16,AA16,"YM")) -> 11 | AJ16: =IF(AG16="",0,DATEDIF(AG16,AA16,"MD")) -> 14 | AL16: นิติศาสตร์ | AM16: =IF(B16="","",IF(K16="S1",K16,INDEX(#REF!,#REF!))) | AN16: =AL16=AM16 -> FALSE | AO16: =IF(AL16="นิติศาสตร์","K5-LAW","K5-POLICY") -> K5-LAW | AP16: =_xlfn.IFS(B16="","",AND(AO16="K5-LAW",AL16="นิติศาสตร์",K16="S2",Y16="",AE16=""),R16,AND(AO16="K5-LAW",AL16="นิติศาสตร์",K16="S1",Y16="",AE16=""),EDATE(R16,12),AND(AO16="K5-LAW",AL16="นิติศาสตร์",OR(K16="M2",K16="K4"),Y16="",AE16=""),EDATE(R16,12*2),AND(AO16="K5-LAW",AL16="นิติศาสตร์",OR(AE16="M2",AE16="K4"),AH16>=2,OR(AG16<AA16,AG16<R16)),EDATE(AG16,12*2),AND(AO16="K5-LAW",AL16="นิติศาสตร์",AE16="S1",AH16>=1,OR(AG16<AA16,AG16<R16)),EDATE(AG16,12),AND(AO16="K5-LAW",AL16="นิติศาสตร์",OR(Y16="M2",Y16="K4"),AB16>=2,AA16<R16),EDATE(AA16,12*2),AND(AO16="K5-LAW",AL16="นิติศาสตร์",Y16="S1",AB16>=1,AA16<R16),EDATE(AA16,12),AND(AO16="K5-LAW",AL16="นิติศาสตร์",OR(Y16="S2",Y16="K5")),AA16,AND(AO16="K5-LAW",AL16="นิติศาสตร์",OR(K16="M2",K16="K4"),U16>=2),EDATE(R16,12*2),AND(AO16="K5-LAW",AL16="นิติศาสตร์",K16="S1",U16>=1),EDATE(R16,12),AND(AO16="K5-LAW",AL16="นิติศาสตร์",OR(K16="S2",K16="K5")),R16,AND(AO16="K5-POLICY",AL16<>"นิติศาสตร์",K16="S2",Y16="",AE16=""),R16,AND(AO16="K5-POLICY",AL16<>"นิติศาสตร์",K16="S1",Y16="",AE16=""),EDATE(R16,12),AND(AO16="K5-POLICY",AL16<>"นิติศาสตร์",OR(K16="M2",K16="K4"),Y16="",AE16=""),EDATE(R16,12*2),AND(AO16="K5-POLICY",AL16<>"นิติศาสตร์",OR(AE16="M2",AE16="K4"),AH16>=2,OR(AG16<AA16,AG16<R16)),EDATE(AG16,12*2),AND(AO16="K5-POLICY",AL16<>"นิติศาสตร์",AE16="S1",AH16>=1,OR(AG16<AA16,AG16<R16)),EDATE(AG16,12),AND(AO16="K5-POLICY",AL16<>"นิติศาสตร์",OR(Y16="M2",Y16="K4"),AB16>=2,AA16<R16),EDATE(AA16,12*2),AND(AO16="K5-POLICY",AL16<>"นิติศาสตร์",Y16="S1",AB16>=1,AA16<R16),EDATE(AA16,12),AND(AO16="K5-POLICY",AL16<>"นิติศาสตร์",OR(Y16="S2",Y16="K5")),AA16,AND(AO16="K5-POLICY",AL16<>"นิติศาสตร์",OR(K16="M2",K16="K4"),U16>=2),EDATE(R16,12*2),AND(AO16="K5-POLICY",AL16<>"นิติศาสตร์",K16="S1",U16>=1),EDATE(R16,12),AND(AO16="K5-POLICY",AL16<>"นิติศาสตร์",OR(K16="S2",K16="K5")),R16,TRUE,"Check Data") | AQ16: =IFERROR(TEXT(EDATE(AP16,543*12),"dd/mm/yyyy"),"Check Data") -> Check Data | AR16: =IFERROR(IF($C$1>AP16,AP16-$C$1,DATEDIF($C$1,AP16,"d")),"Check Data") -> Check Data | AS16: =_xlfn.IFS(AR16="Check Data","Check Data",AR16>30,"ยังไม่ถึงเกณฑ์",AR16>0,"ใกล้ถึงเกณฑ์",AR16=0,"ถึงเกณฑ์",AR16<0,"ถึงเกณฑ์นานแล้ว") -> Check Data | AT16: =IF(B16="","",IF(K16="S1","S1",INDEX(#REF!,#REF!))) | AU16: =K16 -> S1 | AV16: =K16=AT16 -> FALSE
A17: 15 | D17: กรมพินิจและคุ้มครองเด็กและเยาวชน | E17: 26/10/2538 | F17: =IF(E17="","",TEXT(EDATE(E17,-543*12),"dd/mm/yyyy")) -> 26/10/1995 | G17: =IF(F17="",0,DATEDIF(F17,$C$1,"Y")) -> 29 | H17: =IF(F17="",0,DATEDIF(F17,$C$1,"YM")) -> 7 | I17: =IF(F17="",0,DATEDIF(F17,$C$1,"MD")) -> 25 | J17: รองอธิบดีกรมพินิจและคุ้มครองเด็ก และเยาวชน | K17: S1 | L17: =IF(B17="","",IF(K17="S1",K17,INDEX(#REF!,#REF!))) | M17: =K17=L17 -> FALSE | P17: 2571 | Q17: 26/07/2567 | R17: =TEXT(EDATE(Q17,-543*12),"dd/mm/yyyy") -> 26/07/2024 | S17: =IF(B17="","",IF(K17="S1",K17,INDEX(#REF!,#REF!))) | T17: =Q17=S17 -> FALSE | U17: =IF(R17="",0,DATEDIF(R17,$C$1,"Y")) -> 0 | V17: =IF(R17="",0,DATEDIF(R17,$C$1,"YM")) -> 10 | W17: =IF(R17="",0,DATEDIF(R17,$C$1,"MD")) -> 25 | X17: M2 15/08/2555 | Y17: M2 | Z17: 15/08/2555 | AA17: =IF(Z17="","",TEXT(EDATE(Z17,-543*12),"dd/mm/yyyy")) -> 15/08/2012 | AB17: =IF(AA17="",0,DATEDIF(AA17,R17,"Y")) -> 11 | AC17: =IF(AA17="",0,DATEDIF(AA17,R17,"YM")) -> 11 | AD17: =IF(AA17="",0,DATEDIF(AA17,R17,"MD")) -> 11 | AG17: =IF(AF17="","",TEXT(EDATE(AF17,-543*12),"dd/mm/yyyy")) | AH17: =IF(AG17="",0,DATEDIF(AG17,AA17,"Y")) -> 0 | AI17: =IF(AG17="",0,DATEDIF(AG17,AA17,"YM")) -> 0 | AJ17: =IF(AG17="",0,DATEDIF(AG17,AA17,"MD")) -> 0 | AL17: นิติศาสตร์ | AM17: =IF(B17="","",IF(K17="S1",K17,INDEX(#REF!,#REF!))) | AN17: =AL17=AM17 -> FALSE | AO17: =IF(AL17="นิติศาสตร์","K5-LAW","K5-POLICY") -> K5-LAW | AP17: =_xlfn.IFS(B17="","",AND(AO17="K5-LAW",AL17="นิติศาสตร์",K17="S2",Y17="",AE17=""),R17,AND(AO17="K5-LAW",AL17="นิติศาสตร์",K17="S1",Y17="",AE17=""),EDATE(R17,12),AND(AO17="K5-LAW",AL17="นิติศาสตร์",OR(K17="M2",K17="K4"),Y17="",AE17=""),EDATE(R17,12*2),AND(AO17="K5-LAW",AL17="นิติศาสตร์",OR(AE17="M2",AE17="K4"),AH17>=2,OR(AG17<AA17,AG17<R17)),EDATE(AG17,12*2),AND(AO17="K5-LAW",AL17="นิติศาสตร์",AE17="S1",AH17>=1,OR(AG17<AA17,AG17<R17)),EDATE(AG17,12),AND(AO17="K5-LAW",AL17="นิติศาสตร์",OR(Y17="M2",Y17="K4"),AB17>=2,AA17<R17),EDATE(AA17,12*2),AND(AO17="K5-LAW",AL17="นิติศาสตร์",Y17="S1",AB17>=1,AA17<R17),EDATE(AA17,12),AND(AO17="K5-LAW",AL17="นิติศาสตร์",OR(Y17="S2",Y17="K5")),AA17,AND(AO17="K5-LAW",AL17="นิติศาสตร์",OR(K17="M2",K17="K4"),U17>=2),EDATE(R17,12*2),AND(AO17="K5-LAW",AL17="นิติศาสตร์",K17="S1",U17>=1),EDATE(R17,12),AND(AO17="K5-LAW",AL17="นิติศาสตร์",OR(K17="S2",K17="K5")),R17,AND(AO17="K5-POLICY",AL17<>"นิติศาสตร์",K17="S2",Y17="",AE17=""),R17,AND(AO17="K5-POLICY",AL17<>"นิติศาสตร์",K17="S1",Y17="",AE17=""),EDATE(R17,12),AND(AO17="K5-POLICY",AL17<>"นิติศาสตร์",OR(K17="M2",K17="K4"),Y17="",AE17=""),EDATE(R17,12*2),AND(AO17="K5-POLICY",AL17<>"นิติศาสตร์",OR(AE17="M2",AE17="K4"),AH17>=2,OR(AG17<AA17,AG17<R17)),EDATE(AG17,12*2),AND(AO17="K5-POLICY",AL17<>"นิติศาสตร์",AE17="S1",AH17>=1,OR(AG17<AA17,AG17<R17)),EDATE(AG17,12),AND(AO17="K5-POLICY",AL17<>"นิติศาสตร์",OR(Y17="M2",Y17="K4"),AB17>=2,AA17<R17),EDATE(AA17,12*2),AND(AO17="K5-POLICY",AL17<>"นิติศาสตร์",Y17="S1",AB17>=1,AA17<R17),EDATE(AA17,12),AND(AO17="K5-POLICY",AL17<>"นิติศาสตร์",OR(Y17="S2",Y17="K5")),AA17,AND(AO17="K5-POLICY",AL17<>"นิติศาสตร์",OR(K17="M2",K17="K4"),U17>=2),EDATE(R17,12*2),AND(AO17="K5-POLICY",AL17<>"นิติศาสตร์",K17="S1",U17>=1),EDATE(R17,12),AND(AO17="K5-POLICY",AL17<>"นิติศาสตร์",OR(K17="S2",K17="K5")),R17,TRUE,"Check Data") | AQ17: =IFERROR(TEXT(EDATE(AP17,543*12),"dd/mm/yyyy"),"Check Data") -> Check Data | AR17: =IFERROR(IF($C$1>AP17,AP17-$C$1,DATEDIF($C$1,AP17,"d")),"Check Data") -> Check Data | AS17: =_xlfn.IFS(AR17="Check Data","Check Data",AR17>30,"ยังไม่ถึงเกณฑ์",AR17>0,"ใกล้ถึงเกณฑ์",AR17=0,"ถึงเกณฑ์",AR17<0,"ถึงเกณฑ์นานแล้ว") -> Check Data | AT17: =IF(B17="","",IF(K17="S1","S1",INDEX(#REF!,#REF!))) | AU17: =K17 -> S1 | AV17: =K17=AT17 -> FALSE
A18: 16 | D18: กรมบังคับคดี | E18: 01/03/2533 | F18: =IF(E18="","",TEXT(EDATE(E18,-543*12),"dd/mm/yyyy")) -> 01/03/1990 | G18: =IF(F18="",0,DATEDIF(F18,$C$1,"Y")) -> 35 | H18: =IF(F18="",0,DATEDIF(F18,$C$1,"YM")) -> 3 | I18: =IF(F18="",0,DATEDIF(F18,$C$1,"MD")) -> 19 | J18: รองอธิบดีกรมบังคับคดี | K18: S1 | L18: =IF(B18="","",IF(K18="S1",K18,INDEX(#REF!,#REF!))) | M18: =K18=L18 -> FALSE | P18: 2569 | Q18: 26/07/2567 | R18: =TEXT(EDATE(Q18,-543*12),"dd/mm/yyyy") -> 26/07/2024 | S18: =IF(B18="","",IF(K18="S1",K18,INDEX(#REF!,#REF!))) | T18: =Q18=S18 -> FALSE | U18: =IF(R18="",0,DATEDIF(R18,$C$1,"Y")) -> 0 | V18: =IF(R18="",0,DATEDIF(R18,$C$1,"YM")) -> 10 | W18: =IF(R18="",0,DATEDIF(R18,$C$1,"MD")) -> 25 | X18: M2 20/04/2561 | Y18: M2 | Z18: 20/04/2561 | AA18: =IF(Z18="","",TEXT(EDATE(Z18,-543*12),"dd/mm/yyyy")) -> 20/04/2018 | AB18: =IF(AA18="",0,DATEDIF(AA18,R18,"Y")) -> 6 | AC18: =IF(AA18="",0,DATEDIF(AA18,R18,"YM")) -> 3 | AD18: =IF(AA18="",0,DATEDIF(AA18,R18,"MD")) -> 6 | AG18: =IF(AF18="","",TEXT(EDATE(AF18,-543*12),"dd/mm/yyyy")) | AH18: =IF(AG18="",0,DATEDIF(AG18,AA18,"Y")) -> 0 | AI18: =IF(AG18="",0,DATEDIF(AG18,AA18,"YM")) -> 0 | AJ18: =IF(AG18="",0,DATEDIF(AG18,AA18,"MD")) -> 0 | AL18: นิติศาสตร์ | AM18: =IF(B18="","",IF(K18="S1",K18,INDEX(#REF!,#REF!))) | AN18: =AL18=AM18 -> FALSE | AO18: =IF(AL18="นิติศาสตร์","K5-LAW","K5-POLICY") -> K5-LAW | AP18: =_xlfn.IFS(B18="","",AND(AO18="K5-LAW",AL18="นิติศาสตร์",K18="S2",Y18="",AE18=""),R18,AND(AO18="K5-LAW",AL18="นิติศาสตร์",K18="S1",Y18="",AE18=""),EDATE(R18,12),AND(AO18="K5-LAW",AL18="นิติศาสตร์",OR(K18="M2",K18="K4"),Y18="",AE18=""),EDATE(R18,12*2),AND(AO18="K5-LAW",AL18="นิติศาสตร์",OR(AE18="M2",AE18="K4"),AH18>=2,OR(AG18<AA18,AG18<R18)),EDATE(AG18,12*2),AND(AO18="K5-LAW",AL18="นิติศาสตร์",AE18="S1",AH18>=1,OR(AG18<AA18,AG18<R18)),EDATE(AG18,12),AND(AO18="K5-LAW",AL18="นิติศาสตร์",OR(Y18="M2",Y18="K4"),AB18>=2,AA18<R18),EDATE(AA18,12*2),AND(AO18="K5-LAW",AL18="นิติศาสตร์",Y18="S1",AB18>=1,AA18<R18),EDATE(AA18,12),AND(AO18="K5-LAW",AL18="นิติศาสตร์",OR(Y18="S2",Y18="K5")),AA18,AND(AO18="K5-LAW",AL18="นิติศาสตร์",OR(K18="M2",K18="K4"),U18>=2),EDATE(R18,12*2),AND(AO18="K5-LAW",AL18="นิติศาสตร์",K18="S1",U18>=1),EDATE(R18,12),AND(AO18="K5-LAW",AL18="นิติศาสตร์",OR(K18="S2",K18="K5")),R18,AND(AO18="K5-POLICY",AL18<>"นิติศาสตร์",K18="S2",Y18="",AE18=""),R18,AND(AO18="K5-POLICY",AL18<>"นิติศาสตร์",K18="S1",Y18="",AE18=""),EDATE(R18,12),AND(AO18="K5-POLICY",AL18<>"นิติศาสตร์",OR(K18="M2",K18="K4"),Y18="",AE18=""),EDATE(R18,12*2),AND(AO18="K5-POLICY",AL18<>"นิติศาสตร์",OR(AE18="M2",AE18="K4"),AH18>=2,OR(AG18<AA18,AG18<R18)),EDATE(AG18,12*2),AND(AO18="K5-POLICY",AL18<>"นิติศาสตร์",AE18="S1",AH18>=1,OR(AG18<AA18,AG18<R18)),EDATE(AG18,12),AND(AO18="K5-POLICY",AL18<>"นิติศาสตร์",OR(Y18="M2",Y18="K4"),AB18>=2,AA18<R18),EDATE(AA18,12*2),AND(AO18="K5-POLICY",AL18<>"นิติศาสตร์",Y18="S1",AB18>=1,AA18<R18),EDATE(AA18,12),AND(AO18="K5-POLICY",AL18<>"นิติศาสตร์",OR(Y18="S2",Y18="K5")),AA18,AND(AO18="K5-POLICY",AL18<>"นิติศาสตร์",OR(K18="M2",K18="K4"),U18>=2),EDATE(R18,12*2),AND(AO18="K5-POLICY",AL18<>"นิติศาสตร์",K18="S1",U18>=1),EDATE(R18,12),AND(AO18="K5-POLICY",AL18<>"นิติศาสตร์",OR(K18="S2",K18="K5")),R18,TRUE,"Check Data") | AQ18: =IFERROR(TEXT(EDATE(AP18,543*12),"dd/mm/yyyy"),"Check Data") -> Check Data | AR18: =IFERROR(IF($C$1>AP18,AP18-$C$1,DATEDIF($C$1,AP18,"d")),"Check Data") -> Check Data | AS18: =_xlfn.IFS(AR18="Check Data","Check Data",AR18>30,"ยังไม่ถึงเกณฑ์",AR18>0,"ใกล้ถึงเกณฑ์",AR18=0,"ถึงเกณฑ์",AR18<0,"ถึงเกณฑ์นานแล้ว") -> Check Data | AT18: =IF(B18="","",IF(K18="S1","S1",INDEX(#REF!,#REF!))) | AU18: =K18 -> S1 | AV18: =K18=AT18 -> FALSE
A19: 17 | D19: กรมบังคับคดี | E19: 01/02/2533 | F19: =IF(E19="","",TEXT(EDATE(E19,-543*12),"dd/mm/yyyy")) -> 01/02/1990 | G19: =IF(F19="",0,DATEDIF(F19,$C$1,"Y")) -> 35 | H19: =IF(F19="",0,DATEDIF(F19,$C$1,"YM")) -> 4 | I19: =IF(F19="",0,DATEDIF(F19,$C$1,"MD")) -> 19 | J19: รองอธิบดีกรมบังคับคดี | K19: S1 | L19: =IF(B19="","",IF(K19="S1",K19,INDEX(#REF!,#REF!))) | M19: =K19=L19 -> FALSE | P19: 2569 | Q19: 26/07/2567 | R19: =TEXT(EDATE(Q19,-543*12),"dd/mm/yyyy") -> 26/07/2024 | S19: =IF(B19="","",IF(K19="S1",K19,INDEX(#REF!,#REF!))) | T19: =Q19=S19 -> FALSE | U19: =IF(R19="",0,DATEDIF(R19,$C$1,"Y")) -> 0 | V19: =IF(R19="",0,DATEDIF(R19,$C$1,"YM")) -> 10 | W19: =IF(R19="",0,DATEDIF(R19,$C$1,"MD")) -> 25 | X19: M2 20/04/2561 | Y19: M2 | Z19: 20/04/2561 | AA19: =IF(Z19="","",TEXT(EDATE(Z19,-543*12),"dd/mm/yyyy")) -> 20/04/2018 | AB19: =IF(AA19="",0,DATEDIF(AA19,R19,"Y")) -> 6 | AC19: =IF(AA19="",0,DATEDIF(AA19,R19,"YM")) -> 3 | AD19: =IF(AA19="",0,DATEDIF(AA19,R19,"MD")) -> 6 | AG19: =IF(AF19="","",TEXT(EDATE(AF19,-543*12),"dd/mm/yyyy")) | AH19: =IF(AG19="",0,DATEDIF(AG19,AA19,"Y")) -> 0 | AI19: =IF(AG19="",0,DATEDIF(AG19,AA19,"YM")) -> 0 | AJ19: =IF(AG19="",0,DATEDIF(AG19,AA19,"MD")) -> 0 | AL19: นิติศาสตร์ | AM19: =IF(B19="","",IF(K19="S1",K19,INDEX(#REF!,#REF!))) | AN19: =AL19=AM19 -> FALSE | AO19: =IF(AL19="นิติศาสตร์","K5-LAW","K5-POLICY") -> K5-LAW | AP19: =_xlfn.IFS(B19="","",AND(AO19="K5-LAW",AL19="นิติศาสตร์",K19="S2",Y19="",AE19=""),R19,AND(AO19="K5-LAW",AL19="นิติศาสตร์",K19="S1",Y19="",AE19=""),EDATE(R19,12),AND(AO19="K5-LAW",AL19="นิติศาสตร์",OR(K19="M2",K19="K4"),Y19="",AE19=""),EDATE(R19,12*2),AND(AO19="K5-LAW",AL19="นิติศาสตร์",OR(AE19="M2",AE19="K4"),AH19>=2,OR(AG19<AA19,AG19<R19)),EDATE(AG19,12*2),AND(AO19="K5-LAW",AL19="นิติศาสตร์",AE19="S1",AH19>=1,OR(AG19<AA19,AG19<R19)),EDATE(AG19,12),AND(AO19="K5-LAW",AL19="นิติศาสตร์",OR(Y19="M2",Y19="K4"),AB19>=2,AA19<R19),EDATE(AA19,12*2),AND(AO19="K5-LAW",AL19="นิติศาสตร์",Y19="S1",AB19>=1,AA19<R19),EDATE(AA19,12),AND(AO19="K5-LAW",AL19="นิติศาสตร์",OR(Y19="S2",Y19="K5")),AA19,AND(AO19="K5-LAW",AL19="นิติศาสตร์",OR(K19="M2",K19="K4"),U19>=2),EDATE(R19,12*2),AND(AO19="K5-LAW",AL19="นิติศาสตร์",K19="S1",U19>=1),EDATE(R19,12),AND(AO19="K5-LAW",AL19="นิติศาสตร์",OR(K19="S2",K19="K5")),R19,AND(AO19="K5-POLICY",AL19<>"นิติศาสตร์",K19="S2",Y19="",AE19=""),R19,AND(AO19="K5-POLICY",AL19<>"นิติศาสตร์",K19="S1",Y19="",AE19=""),EDATE(R19,12),AND(AO19="K5-POLICY",AL19<>"นิติศาสตร์",OR(K19="M2",K19="K4"),Y19="",AE19=""),EDATE(R19,12*2),AND(AO19="K5-POLICY",AL19<>"นิติศาสตร์",OR(AE19="M2",AE19="K4"),AH19>=2,OR(AG19<AA19,AG19<R19)),EDATE(AG19,12*2),AND(AO19="K5-POLICY",AL19<>"นิติศาสตร์",AE19="S1",AH19>=1,OR(AG19<AA19,AG19<R19)),EDATE(AG19,12),AND(AO19="K5-POLICY",AL19<>"นิติศาสตร์",OR(Y19="M2",Y19="K4"),AB19>=2,AA19<R19),EDATE(AA19,12*2),AND(AO19="K5-POLICY",AL19<>"นิติศาสตร์",Y19="S1",AB19>=1,AA19<R19),EDATE(AA19,12),AND(AO19="K5-POLICY",AL19<>"นิติศาสตร์",OR(Y19="S2",Y19="K5")),AA19,AND(AO19="K5-POLICY",AL19<>"นิติศาสตร์",OR(K19="M2",K19="K4"),U19>=2),EDATE(R19,12*2),AND(AO19="K5-POLICY",AL19<>"นิติศาสตร์",K19="S1",U19>=1),EDATE(R19,12),AND(AO19="K5-POLICY",AL19<>"นิติศาสตร์",OR(K19="S2",K19="K5")),R19,TRUE,"Check Data") | AQ19: =IFERROR(TEXT(EDATE(AP19,543*12),"dd/mm/yyyy"),"Check Data") -> Check Data | AR19: =IFERROR(IF($C$1>AP19,AP19-$C$1,DATEDIF($C$1,AP19,"d")),"Check Data") -> Check Data | AS19: =_xlfn.IFS(AR19="Check Data","Check Data",AR19>30,"ยังไม่ถึงเกณฑ์",AR19>0,"ใกล้ถึงเกณฑ์",AR19=0,"ถึงเกณฑ์",AR19<0,"ถึงเกณฑ์นานแล้ว") -> Check Data | AT19: =IF(B19="","",IF(K19="S1","S1",INDEX(#REF!,#REF!))) | AU19: =K19 -> S1 | AV19: =K19=AT19 -> FALSE
A20: 18 | D20: กรมคุมประพฤติ | E20: 02/01/2533 | F20: =IF(E20="","",TEXT(EDATE(E20,-543*12),"dd/mm/yyyy")) -> 02/01/1990 | G20: =IF(F20="",0,DATEDIF(F20,$C$1,"Y")) -> 35 | H20: =IF(F20="",0,DATEDIF(F20,$C$1,"YM")) -> 5 | I20: =IF(F20="",0,DATEDIF(F20,$C$1,"MD")) -> 18 | J20: รองอธิบดีกรมคุมประพฤติ | K20: S1 | L20: =IF(B20="","",IF(K20="S1",K20,INDEX(#REF!,#REF!))) | M20: =K20=L20 -> FALSE | P20: 2571 | Q20: 26/07/2567 | R20: =TEXT(EDATE(Q20,-543*12),"dd/mm/yyyy") -> 26/07/2024 | S20: =IF(B20="","",IF(K20="S1",K20,INDEX(#REF!,#REF!))) | T20: =Q20=S20 -> FALSE | U20: =IF(R20="",0,DATEDIF(R20,$C$1,"Y")) -> 0 | V20: =IF(R20="",0,DATEDIF(R20,$C$1,"YM")) -> 10 | W20: =IF(R20="",0,DATEDIF(R20,$C$1,"MD")) -> 25 | X20: M2 01/10/2562 | Y20: M2 | Z20: 01/10/2562 | AA20: =IF(Z20="","",TEXT(EDATE(Z20,-543*12),"dd/mm/yyyy")) -> 01/10/2019 | AB20: =IF(AA20="",0,DATEDIF(AA20,R20,"Y")) -> 4 | AC20: =IF(AA20="",0,DATEDIF(AA20,R20,"YM")) -> 9 | AD20: =IF(AA20="",0,DATEDIF(AA20,R20,"MD")) -> 25 | AG20: =IF(AF20="","",TEXT(EDATE(AF20,-543*12),"dd/mm/yyyy")) | AH20: =IF(AG20="",0,DATEDIF(AG20,AA20,"Y")) -> 0 | AI20: =IF(AG20="",0,DATEDIF(AG20,AA20,"YM")) -> 0 | AJ20: =IF(AG20="",0,DATEDIF(AG20,AA20,"MD")) -> 0 | AL20: สังคมวิทยาและมานุษยวิทยาดุษฎีบัณฑิต | AM20: =IF(B20="","",IF(K20="S1",K20,INDEX(#REF!,#REF!))) | AN20: =AL20=AM20 -> FALSE | AO20: =IF(AL20="นิติศาสตร์","K5-LAW","K5-POLICY") -> K5-POLICY | AP20: =_xlfn.IFS(B20="","",AND(AO20="K5-LAW",AL20="นิติศาสตร์",K20="S2",Y20="",AE20=""),R20,AND(AO20="K5-LAW",AL20="นิติศาสตร์",K20="S1",Y20="",AE20=""),EDATE(R20,12),AND(AO20="K5-LAW",AL20="นิติศาสตร์",OR(K20="M2",K20="K4"),Y20="",AE20=""),EDATE(R20,12*2),AND(AO20="K5-LAW",AL20="นิติศาสตร์",OR(AE20="M2",AE20="K4"),AH20>=2,OR(AG20<AA20,AG20<R20)),EDATE(AG20,12*2),AND(AO20="K5-LAW",AL20="นิติศาสตร์",AE20="S1",AH20>=1,OR(AG20<AA20,AG20<R20)),EDATE(AG20,12),AND(AO20="K5-LAW",AL20="นิติศาสตร์",OR(Y20="M2",Y20="K4"),AB20>=2,AA20<R20),EDATE(AA20,12*2),AND(AO20="K5-LAW",AL20="นิติศาสตร์",Y20="S1",AB20>=1,AA20<R20),EDATE(AA20,12),AND(AO20="K5-LAW",AL20="นิติศาสตร์",OR(Y20="S2",Y20="K5")),AA20,AND(AO20="K5-LAW",AL20="นิติศาสตร์",OR(K20="M2",K20="K4"),U20>=2),EDATE(R20,12*2),AND(AO20="K5-LAW",AL20="นิติศาสตร์",K20="S1",U20>=1),EDATE(R20,12),AND(AO20="K5-LAW",AL20="นิติศาสตร์",OR(K20="S2",K20="K5")),R20,AND(AO20="K5-POLICY",AL20<>"นิติศาสตร์",K20="S2",Y20="",AE20=""),R20,AND(AO20="K5-POLICY",AL20<>"นิติศาสตร์",K20="S1",Y20="",AE20=""),EDATE(R20,12),AND(AO20="K5-POLICY",AL20<>"นิติศาสตร์",OR(K20="M2",K20="K4"),Y20="",AE20=""),EDATE(R20,12*2),AND(AO20="K5-POLICY",AL20<>"นิติศาสตร์",OR(AE20="M2",AE20="K4"),AH20>=2,OR(AG20<AA20,AG20<R20)),EDATE(AG20,12*2),AND(AO20="K5-POLICY",AL20<>"นิติศาสตร์",AE20="S1",AH20>=1,OR(AG20<AA20,AG20<R20)),EDATE(AG20,12),AND(AO20="K5-POLICY",AL20<>"นิติศาสตร์",OR(Y20="M2",Y20="K4"),AB20>=2,AA20<R20),EDATE(AA20,12*2),AND(AO20="K5-POLICY",AL20<>"นิติศาสตร์",Y20="S1",AB20>=1,AA20<R20),EDATE(AA20,12),AND(AO20="K5-POLICY",AL20<>"นิติศาสตร์",OR(Y20="S2",Y20="K5")),AA20,AND(AO20="K5-POLICY",AL20<>"นิติศาสตร์",OR(K20="M2",K20="K4"),U20>=2),EDATE(R20,12*2),AND(AO20="K5-POLICY",AL20<>"นิติศาสตร์",K20="S1",U20>=1),EDATE(R20,12),AND(AO20="K5-POLICY",AL20<>"นิติศาสตร์",OR(K20="S2",K20="K5")),R20,TRUE,"Check Data") | AQ20: =IFERROR(TEXT(EDATE(AP20,543*12),"dd/mm/yyyy"),"Check Data") -> Check Data | AR20: =IFERROR(IF($C$1>AP20,AP20-$C$1,DATEDIF($C$1,AP20,"d")),"Check Data") -> Check Data | AS20: =_xlfn.IFS(AR20="Check Data","Check Data",AR20>30,"ยังไม่ถึงเกณฑ์",AR20>0,"ใกล้ถึงเกณฑ์",AR20=0,"ถึงเกณฑ์",AR20<0,"ถึงเกณฑ์นานแล้ว") -> Check Data | AT20: =IF(B20="","",IF(K20="S1","S1",INDEX(#REF!,#REF!))) | AU20: =K20 -> S1 | AV20: =K20=AT20 -> FALSE
A21: 19 | D21: กรมคุ้มครองสิทธิและเสรีภาพ | E21: 01/03/2533 | F21: =IF(E21="","",TEXT(EDATE(E21,-543*12),"dd/mm/yyyy")) -> 01/03/1990 | G21: =IF(F21="",0,DATEDIF(F21,$C$1,"Y")) -> 35 | H21: =IF(F21="",0,DATEDIF(F21,$C$1,"YM")) -> 3 | I21: =IF(F21="",0,DATEDIF(F21,$C$1,"MD")) -> 19 | J21: รองอธิบดีกรมคุ้มครองสิทธิและเสรีภาพ | K21: S1 | L21: =IF(B21="","",IF(K21="S1",K21,INDEX(#REF!,#REF!))) | M21: =K21=L21 -> FALSE | P21: 2577 | Q21: 26/07/2567 | R21: =TEXT(EDATE(Q21,-543*12),"dd/mm/yyyy") -> 26/07/2024 | S21: =IF(B21="","",IF(K21="S1",K21,INDEX(#REF!,#REF!))) | T21: =Q21=S21 -> FALSE | U21: =IF(R21="",0,DATEDIF(R21,$C$1,"Y")) -> 0 | V21: =IF(R21="",0,DATEDIF(R21,$C$1,"YM")) -> 10 | W21: =IF(R21="",0,DATEDIF(R21,$C$1,"MD")) -> 25 | X21: K4 15/05/2563 | Y21: K4 | Z21: 15/05/2563 | AA21: =IF(Z21="","",TEXT(EDATE(Z21,-543*12),"dd/mm/yyyy")) -> 15/05/2020 | AB21: =IF(AA21="",0,DATEDIF(AA21,R21,"Y")) -> 4 | AC21: =IF(AA21="",0,DATEDIF(AA21,R21,"YM")) -> 2 | AD21: =IF(AA21="",0,DATEDIF(AA21,R21,"MD")) -> 11 | AG21: =IF(AF21="","",TEXT(EDATE(AF21,-543*12),"dd/mm/yyyy")) | AH21: =IF(AG21="",0,DATEDIF(AG21,AA21,"Y")) -> 0 | AI21: =IF(AG21="",0,DATEDIF(AG21,AA21,"YM")) -> 0 | AJ21: =IF(AG21="",0,DATEDIF(AG21,AA21,"MD")) -> 0 | AL21: นิติศาสตร์ | AM21: =IF(B21="","",IF(K21="S1",K21,INDEX(#REF!,#REF!))) | AN21: =AL21=AM21 -> FALSE | AO21: =IF(AL21="นิติศาสตร์","K5-LAW","K5-POLICY") -> K5-LAW | AP21: =_xlfn.IFS(B21="","",AND(AO21="K5-LAW",AL21="นิติศาสตร์",K21="S2",Y21="",AE21=""),R21,AND(AO21="K5-LAW",AL21="นิติศาสตร์",K21="S1",Y21="",AE21=""),EDATE(R21,12),AND(AO21="K5-LAW",AL21="นิติศาสตร์",OR(K21="M2",K21="K4"),Y21="",AE21=""),EDATE(R21,12*2),AND(AO21="K5-LAW",AL21="นิติศาสตร์",OR(AE21="M2",AE21="K4"),AH21>=2,OR(AG21<AA21,AG21<R21)),EDATE(AG21,12*2),AND(AO21="K5-LAW",AL21="นิติศาสตร์",AE21="S1",AH21>=1,OR(AG21<AA21,AG21<R21)),EDATE(AG21,12),AND(AO21="K5-LAW",AL21="นิติศาสตร์",OR(Y21="M2",Y21="K4"),AB21>=2,AA21<R21),EDATE(AA21,12*2),AND(AO21="K5-LAW",AL21="นิติศาสตร์",Y21="S1",AB21>=1,AA21<R21),EDATE(AA21,12),AND(AO21="K5-LAW",AL21="นิติศาสตร์",OR(Y21="S2",Y21="K5")),AA21,AND(AO21="K5-LAW",AL21="นิติศาสตร์",OR(K21="M2",K21="K4"),U21>=2),EDATE(R21,12*2),AND(AO21="K5-LAW",AL21="นิติศาสตร์",K21="S1",U21>=1),EDATE(R21,12),AND(AO21="K5-LAW",AL21="นิติศาสตร์",OR(K21="S2",K21="K5")),R21,AND(AO21="K5-POLICY",AL21<>"นิติศาสตร์",K21="S2",Y21="",AE21=""),R21,AND(AO21="K5-POLICY",AL21<>"นิติศาสตร์",K21="S1",Y21="",AE21=""),EDATE(R21,12),AND(AO21="K5-POLICY",AL21<>"นิติศาสตร์",OR(K21="M2",K21="K4"),Y21="",AE21=""),EDATE(R21,12*2),AND(AO21="K5-POLICY",AL21<>"นิติศาสตร์",OR(AE21="M2",AE21="K4"),AH21>=2,OR(AG21<AA21,AG21<R21)),EDATE(AG21,12*2),AND(AO21="K5-POLICY",AL21<>"นิติศาสตร์",AE21="S1",AH21>=1,OR(AG21<AA21,AG21<R21)),EDATE(AG21,12),AND(AO21="K5-POLICY",AL21<>"นิติศาสตร์",OR(Y21="M2",Y21="K4"),AB21>=2,AA21<R21),EDATE(AA21,12*2),AND(AO21="K5-POLICY",AL21<>"นิติศาสตร์",Y21="S1",AB21>=1,AA21<R21),EDATE(AA21,12),AND(AO21="K5-POLICY",AL21<>"นิติศาสตร์",OR(Y21="S2",Y21="K5")),AA21,AND(AO21="K5-POLICY",AL21<>"นิติศาสตร์",OR(K21="M2",K21="K4"),U21>=2),EDATE(R21,12*2),AND(AO21="K5-POLICY",AL21<>"นิติศาสตร์",K21="S1",U21>=1),EDATE(R21,12),AND(AO21="K5-POLICY",AL21<>"นิติศาสตร์",OR(K21="S2",K21="K5")),R21,TRUE,"Check Data") | AQ21: =IFERROR(TEXT(EDATE(AP21,543*12),"dd/mm/yyyy"),"Check Data") -> Check Data | AR21: =IFERROR(IF($C$1>AP21,AP21-$C$1,DATEDIF($C$1,AP21,"d")),"Check Data") -> Check Data | AS21: =_xlfn.IFS(AR21="Check Data","Check Data",AR21>30,"ยังไม่ถึงเกณฑ์",AR21>0,"ใกล้ถึงเกณฑ์",AR21=0,"ถึงเกณฑ์",AR21<0,"ถึงเกณฑ์นานแล้ว") -> Check Data | AT21: =IF(B21="","",IF(K21="S1","S1",INDEX(#REF!,#REF!))) | AU21: =K21 -> S1 | AV21: =K21=AT21 -> FALSE
A22: 20 | D22: กรมสอบสวนคดีพิเศษ | E22: 11/12/2529 | F22: =IF(E22="","",TEXT(EDATE(E22,-543*12),"dd/mm/yyyy")) -> 11/12/1986 | G22: =IF(F22="",0,DATEDIF(F22,$C$1,"Y")) -> 38 | H22: =IF(F22="",0,DATEDIF(F22,$C$1,"YM")) -> 6 | I22: =IF(F22="",0,DATEDIF(F22,$C$1,"MD")) -> 9 | J22: รองอธิบดีกรมสอบสวนคดีพิเศษ | K22: S1 | L22: =IF(B22="","",IF(K22="S1",K22,INDEX(#REF!,#REF!))) | M22: =K22=L22 -> FALSE | P22: 2572 | Q22: 30/01/2568 | R22: =TEXT(EDATE(Q22,-543*12),"dd/mm/yyyy") -> 30/01/2025 | S22: =IF(B22="","",IF(K22="S1",K22,INDEX(#REF!,#REF!))) | T22: =Q22=S22 -> FALSE | U22: =IF(R22="",0,DATEDIF(R22,$C$1,"Y")) -> 0 | V22: =IF(R22="",0,DATEDIF(R22,$C$1,"YM")) -> 4 | W22: =IF(R22="",0,DATEDIF(R22,$C$1,"MD")) -> 21 | X22: M2 25/09/2555 | Y22: M2 | Z22: 25/09/2555 | AA22: =IF(Z22="","",TEXT(EDATE(Z22,-543*12),"dd/mm/yyyy")) -> 25/09/2012 | AB22: =IF(AA22="",0,DATEDIF(AA22,R22,"Y")) -> 12 | AC22: =IF(AA22="",0,DATEDIF(AA22,R22,"YM")) -> 4 | AD22: =IF(AA22="",0,DATEDIF(AA22,R22,"MD")) -> 5 | AG22: =IF(AF22="","",TEXT(EDATE(AF22,-543*12),"dd/mm/yyyy")) | AH22: =IF(AG22="",0,DATEDIF(AG22,AA22,"Y")) -> 0 | AI22: =IF(AG22="",0,DATEDIF(AG22,AA22,"YM")) -> 0 | AJ22: =IF(AG22="",0,DATEDIF(AG22,AA22,"MD")) -> 0 | AL22: รัฐประศาสนศาสตรบัณฑิต | AM22: =IF(B22="","",IF(K22="S1",K22,INDEX(#REF!,#REF!))) | AN22: =AL22=AM22 -> FALSE | AO22: =IF(AL22="นิติศาสตร์","K5-LAW","K5-POLICY") -> K5-POLICY | AP22: =_xlfn.IFS(B22="","",AND(AO22="K5-LAW",AL22="นิติศาสตร์",K22="S2",Y22="",AE22=""),R22,AND(AO22="K5-LAW",AL22="นิติศาสตร์",K22="S1",Y22="",AE22=""),EDATE(R22,12),AND(AO22="K5-LAW",AL22="นิติศาสตร์",OR(K22="M2",K22="K4"),Y22="",AE22=""),EDATE(R22,12*2),AND(AO22="K5-LAW",AL22="นิติศาสตร์",OR(AE22="M2",AE22="K4"),AH22>=2,OR(AG22<AA22,AG22<R22)),EDATE(AG22,12*2),AND(AO22="K5-LAW",AL22="นิติศาสตร์",AE22="S1",AH22>=1,OR(AG22<AA22,AG22<R22)),EDATE(AG22,12),AND(AO22="K5-LAW",AL22="นิติศาสตร์",OR(Y22="M2",Y22="K4"),AB22>=2,AA22<R22),EDATE(AA22,12*2),AND(AO22="K5-LAW",AL22="นิติศาสตร์",Y22="S1",AB22>=1,AA22<R22),EDATE(AA22,12),AND(AO22="K5-LAW",AL22="นิติศาสตร์",OR(Y22="S2",Y22="K5")),AA22,AND(AO22="K5-LAW",AL22="นิติศาสตร์",OR(K22="M2",K22="K4"),U22>=2),EDATE(R22,12*2),AND(AO22="K5-LAW",AL22="นิติศาสตร์",K22="S1",U22>=1),EDATE(R22,12),AND(AO22="K5-LAW",AL22="นิติศาสตร์",OR(K22="S2",K22="K5")),R22,AND(AO22="K5-POLICY",AL22<>"นิติศาสตร์",K22="S2",Y22="",AE22=""),R22,AND(AO22="K5-POLICY",AL22<>"นิติศาสตร์",K22="S1",Y22="",AE22=""),EDATE(R22,12),AND(AO22="K5-POLICY",AL22<>"นิติศาสตร์",OR(K22="M2",K22="K4"),Y22="",AE22=""),EDATE(R22,12*2),AND(AO22="K5-POLICY",AL22<>"นิติศาสตร์",OR(AE22="M2",AE22="K4"),AH22>=2,OR(AG22<AA22,AG22<R22)),EDATE(AG22,12*2),AND(AO22="K5-POLICY",AL22<>"นิติศาสตร์",AE22="S1",AH22>=1,OR(AG22<AA22,AG22<R22)),EDATE(AG22,12),AND(AO22="K5-POLICY",AL22<>"นิติศาสตร์",OR(Y22="M2",Y22="K4"),AB22>=2,AA22<R22),EDATE(AA22,12*2),AND(AO22="K5-POLICY",AL22<>"นิติศาสตร์",Y22="S1",AB22>=1,AA22<R22),EDATE(AA22,12),AND(AO22="K5-POLICY",AL22<>"นิติศาสตร์",OR(Y22="S2",Y22="K5")),AA22,AND(AO22="K5-POLICY",AL22<>"นิติศาสตร์",OR(K22="M2",K22="K4"),U22>=2),EDATE(R22,12*2),AND(AO22="K5-POLICY",AL22<>"นิติศาสตร์",K22="S1",U22>=1),EDATE(R22,12),AND(AO22="K5-POLICY",AL22<>"นิติศาสตร์",OR(K22="S2",K22="K5")),R22,TRUE,"Check Data") | AQ22: =IFERROR(TEXT(EDATE(AP22,543*12),"dd/mm/yyyy"),"Check Data") -> Check Data | AR22: =IFERROR(IF($C$1>AP22,AP22-$C$1,DATEDIF($C$1,AP22,"d")),"Check Data") -> Check Data | AS22: =_xlfn.IFS(AR22="Check Data","Check Data",AR22>30,"ยังไม่ถึงเกณฑ์",AR22>0,"ใกล้ถึงเกณฑ์",AR22=0,"ถึงเกณฑ์",AR22<0,"ถึงเกณฑ์นานแล้ว") -> Check Data | AT22: =IF(B22="","",IF(K22="S1","S1",INDEX(#REF!,#REF!))) | AU22: =K22 -> S1 | AV22: =K22=AT22 -> FALSE
A23: 21 | D23: กรมสอบสวนคดีพิเศษ | E23: 01/05/2534 | F23: =IF(E23="","",TEXT(EDATE(E23,-543*12),"dd/mm/yyyy")) -> 01/05/1991 | G23: =IF(F23="",0,DATEDIF(F23,$C$1,"Y")) -> 34 | H23: =IF(F23="",0,DATEDIF(F23,$C$1,"YM")) -> 1 | I23: =IF(F23="",0,DATEDIF(F23,$C$1,"MD")) -> 19 | J23: รองอธิบดีกรมสอบสวนคดีพิเศษ | K23: S1 | L23: =IF(B23="","",IF(K23="S1",K23,INDEX(#REF!,#REF!))) | M23: =K23=L23 -> FALSE | P23: 2574 | Q23: 30/01/2568 | R23: =TEXT(EDATE(Q23,-543*12),"dd/mm/yyyy") -> 30/01/2025 | S23: =IF(B23="","",IF(K23="S1",K23,INDEX(#REF!,#REF!))) | T23: =Q23=S23 -> FALSE | U23: =IF(R23="",0,DATEDIF(R23,$C$1,"Y")) -> 0 | V23: =IF(R23="",0,DATEDIF(R23,$C$1,"YM")) -> 4 | W23: =IF(R23="",0,DATEDIF(R23,$C$1,"MD")) -> 21 | X23: M2 02/05/2559 | Y23: M2 | Z23: 02/05/2559 | AA23: =IF(Z23="","",TEXT(EDATE(Z23,-543*12),"dd/mm/yyyy")) -> 02/05/2016 | AB23: =IF(AA23="",0,DATEDIF(AA23,R23,"Y")) -> 8 | AC23: =IF(AA23="",0,DATEDIF(AA23,R23,"YM")) -> 8 | AD23: =IF(AA23="",0,DATEDIF(AA23,R23,"MD")) -> 28 | AG23: =IF(AF23="","",TEXT(EDATE(AF23,-543*12),"dd/mm/yyyy")) | AH23: =IF(AG23="",0,DATEDIF(AG23,AA23,"Y")) -> 0 | AI23: =IF(AG23="",0,DATEDIF(AG23,AA23,"YM")) -> 0 | AJ23: =IF(AG23="",0,DATEDIF(AG23,AA23,"MD")) -> 0 | AL23: ศึกษาศาสตรมหาบัณฑิต | AM23: =IF(B23="","",IF(K23="S1",K23,INDEX(#REF!,#REF!))) | AN23: =AL23=AM23 -> FALSE | AO23: =IF(AL23="นิติศาสตร์","K5-LAW","K5-POLICY") -> K5-POLICY | AP23: =_xlfn.IFS(B23="","",AND(AO23="K5-LAW",AL23="นิติศาสตร์",K23="S2",Y23="",AE23=""),R23,AND(AO23="K5-LAW",AL23="นิติศาสตร์",K23="S1",Y23="",AE23=""),EDATE(R23,12),AND(AO23="K5-LAW",AL23="นิติศาสตร์",OR(K23="M2",K23="K4"),Y23="",AE23=""),EDATE(R23,12*2),AND(AO23="K5-LAW",AL23="นิติศาสตร์",OR(AE23="M2",AE23="K4"),AH23>=2,OR(AG23<AA23,AG23<R23)),EDATE(AG23,12*2),AND(AO23="K5-LAW",AL23="นิติศาสตร์",AE23="S1",AH23>=1,OR(AG23<AA23,AG23<R23)),EDATE(AG23,12),AND(AO23="K5-LAW",AL23="นิติศาสตร์",OR(Y23="M2",Y23="K4"),AB23>=2,AA23<R23),EDATE(AA23,12*2),AND(AO23="K5-LAW",AL23="นิติศาสตร์",Y23="S1",AB23>=1,AA23<R23),EDATE(AA23,12),AND(AO23="K5-LAW",AL23="นิติศาสตร์",OR(Y23="S2",Y23="K5")),AA23,AND(AO23="K5-LAW",AL23="นิติศาสตร์",OR(K23="M2",K23="K4"),U23>=2),EDATE(R23,12*2),AND(AO23="K5-LAW",AL23="นิติศาสตร์",K23="S1",U23>=1),EDATE(R23,12),AND(AO23="K5-LAW",AL23="นิติศาสตร์",OR(K23="S2",K23="K5")),R23,AND(AO23="K5-POLICY",AL23<>"นิติศาสตร์",K23="S2",Y23="",AE23=""),R23,AND(AO23="K5-POLICY",AL23<>"นิติศาสตร์",K23="S1",Y23="",AE23=""),EDATE(R23,12),AND(AO23="K5-POLICY",AL23<>"นิติศาสตร์",OR(K23="M2",K23="K4"),Y23="",AE23=""),EDATE(R23,12*2),AND(AO23="K5-POLICY",AL23<>"นิติศาสตร์",OR(AE23="M2",AE23="K4"),AH23>=2,OR(AG23<AA23,AG23<R23)),EDATE(AG23,12*2),AND(AO23="K5-POLICY",AL23<>"นิติศาสตร์",AE23="S1",AH23>=1,OR(AG23<AA23,AG23<R23)),EDATE(AG23,12),AND(AO23="K5-POLICY",AL23<>"นิติศาสตร์",OR(Y23="M2",Y23="K4"),AB23>=2,AA23<R23),EDATE(AA23,12*2),AND(AO23="K5-POLICY",AL23<>"นิติศาสตร์",Y23="S1",AB23>=1,AA23<R23),EDATE(AA23,12),AND(AO23="K5-POLICY",AL23<>"นิติศาสตร์",OR(Y23="S2",Y23="K5")),AA23,AND(AO23="K5-POLICY",AL23<>"นิติศาสตร์",OR(K23="M2",K23="K4"),U23>=2),EDATE(R23,12*2),AND(AO23="K5-POLICY",AL23<>"นิติศาสตร์",K23="S1",U23>=1),EDATE(R23,12),AND(AO23="K5-POLICY",AL23<>"นิติศาสตร์",OR(K23="S2",K23="K5")),R23,TRUE,"Check Data") | AQ23: =IFERROR(TEXT(EDATE(AP23,543*12),"dd/mm/yyyy"),"Check Data") -> Check Data | AR23: =IFERROR(IF($C$1>AP23,AP23-$C$1,DATEDIF($C$1,AP23,"d")),"Check Data") -> Check Data | AS23: =_xlfn.IFS(AR23="Check Data","Check Data",AR23>30,"ยังไม่ถึงเกณฑ์",AR23>0,"ใกล้ถึงเกณฑ์",AR23=0,"ถึงเกณฑ์",AR23<0,"ถึงเกณฑ์นานแล้ว") -> Check Data | AT23: =IF(B23="","",IF(K23="S1","S1",INDEX(#REF!,#REF!))) | AU23: =K23 -> S1 | AV23: =K23=AT23 -> FALSE
A24: 22 | D24: กรมราชทัณฑ์ | E24: 16/03/2530 | F24: =IF(E24="","",TEXT(EDATE(E24,-543*12),"dd/mm/yyyy")) -> 16/03/1987 | G24: =IF(F24="",0,DATEDIF(F24,$C$1,"Y")) -> 38 | H24: =IF(F24="",0,DATEDIF(F24,$C$1,"YM")) -> 3 | I24: =IF(F24="",0,DATEDIF(F24,$C$1,"MD")) -> 4 | J24: รองอธิบดีกรมราชทัณฑ์ | K24: S1 | L24: =IF(B24="","",IF(K24="S1",K24,INDEX(#REF!,#REF!))) | M24: =K24=L24 -> FALSE | P24: 2570 | Q24: 30/01/2568 | R24: =TEXT(EDATE(Q24,-543*12),"dd/mm/yyyy") -> 30/01/2025 | S24: =IF(B24="","",IF(K24="S1",K24,INDEX(#REF!,#REF!))) | T24: =Q24=S24 -> FALSE | U24: =IF(R24="",0,DATEDIF(R24,$C$1,"Y")) -> 0 | V24: =IF(R24="",0,DATEDIF(R24,$C$1,"YM")) -> 4 | W24: =IF(R24="",0,DATEDIF(R24,$C$1,"MD")) -> 21 | X24: M2 10/04/2560 | Y24: M2 | Z24: 10/04/2560 | AA24: =IF(Z24="","",TEXT(EDATE(Z24,-543*12),"dd/mm/yyyy")) -> 10/04/2017 | AB24: =IF(AA24="",0,DATEDIF(AA24,R24,"Y")) -> 7 | AC24: =IF(AA24="",0,DATEDIF(AA24,R24,"YM")) -> 9 | AD24: =IF(AA24="",0,DATEDIF(AA24,R24,"MD")) -> 20 | AG24: =IF(AF24="","",TEXT(EDATE(AF24,-543*12),"dd/mm/yyyy")) | AH24: =IF(AG24="",0,DATEDIF(AG24,AA24,"Y")) -> 0 | AI24: =IF(AG24="",0,DATEDIF(AG24,AA24,"YM")) -> 0 | AJ24: =IF(AG24="",0,DATEDIF(AG24,AA24,"MD")) -> 0 | AL24: ศิลปศาสตรมหาบัณฑิต | AM24: =IF(B24="","",IF(K24="S1",K24,INDEX(#REF!,#REF!))) | AN24: =AL24=AM24 -> FALSE | AO24: =IF(AL24="นิติศาสตร์","K5-LAW","K5-POLICY") -> K5-POLICY | AP24: =_xlfn.IFS(B24="","",AND(AO24="K5-LAW",AL24="นิติศาสตร์",K24="S2",Y24="",AE24=""),R24,AND(AO24="K5-LAW",AL24="นิติศาสตร์",K24="S1",Y24="",AE24=""),EDATE(R24,12),AND(AO24="K5-LAW",AL24="นิติศาสตร์",OR(K24="M2",K24="K4"),Y24="",AE24=""),EDATE(R24,12*2),AND(AO24="K5-LAW",AL24="นิติศาสตร์",OR(AE24="M2",AE24="K4"),AH24>=2,OR(AG24<AA24,AG24<R24)),EDATE(AG24,12*2),AND(AO24="K5-LAW",AL24="นิติศาสตร์",AE24="S1",AH24>=1,OR(AG24<AA24,AG24<R24)),EDATE(AG24,12),AND(AO24="K5-LAW",AL24="นิติศาสตร์",OR(Y24="M2",Y24="K4"),AB24>=2,AA24<R24),EDATE(AA24,12*2),AND(AO24="K5-LAW",AL24="นิติศาสตร์",Y24="S1",AB24>=1,AA24<R24),EDATE(AA24,12),AND(AO24="K5-LAW",AL24="นิติศาสตร์",OR(Y24="S2",Y24="K5")),AA24,AND(AO24="K5-LAW",AL24="นิติศาสตร์",OR(K24="M2",K24="K4"),U24>=2),EDATE(R24,12*2),AND(AO24="K5-LAW",AL24="นิติศาสตร์",K24="S1",U24>=1),EDATE(R24,12),AND(AO24="K5-LAW",AL24="นิติศาสตร์",OR(K24="S2",K24="K5")),R24,AND(AO24="K5-POLICY",AL24<>"นิติศาสตร์",K24="S2",Y24="",AE24=""),R24,AND(AO24="K5-POLICY",AL24<>"นิติศาสตร์",K24="S1",Y24="",AE24=""),EDATE(R24,12),AND(AO24="K5-POLICY",AL24<>"นิติศาสตร์",OR(K24="M2",K24="K4"),Y24="",AE24=""),EDATE(R24,12*2),AND(AO24="K5-POLICY",AL24<>"นิติศาสตร์",OR(AE24="M2",AE24="K4"),AH24>=2,OR(AG24<AA24,AG24<R24)),EDATE(AG24,12*2),AND(AO24="K5-POLICY",AL24<>"นิติศาสตร์",AE24="S1",AH24>=1,OR(AG24<AA24,AG24<R24)),EDATE(AG24,12),AND(AO24="K5-POLICY",AL24<>"นิติศาสตร์",OR(Y24="M2",Y24="K4"),AB24>=2,AA24<R24),EDATE(AA24,12*2),AND(AO24="K5-POLICY",AL24<>"นิติศาสตร์",Y24="S1",AB24>=1,AA24<R24),EDATE(AA24,12),AND(AO24="K5-POLICY",AL24<>"นิติศาสตร์",OR(Y24="S2",Y24="K5")),AA24,AND(AO24="K5-POLICY",AL24<>"นิติศาสตร์",OR(K24="M2",K24="K4"),U24>=2),EDATE(R24,12*2),AND(AO24="K5-POLICY",AL24<>"นิติศาสตร์",K24="S1",U24>=1),EDATE(R24,12),AND(AO24="K5-POLICY",AL24<>"นิติศาสตร์",OR(K24="S2",K24="K5")),R24,TRUE,"Check Data") | AQ24: =IFERROR(TEXT(EDATE(AP24,543*12),"dd/mm/yyyy"),"Check Data") -> Check Data | AR24: =IFERROR(IF($C$1>AP24,AP24-$C$1,DATEDIF($C$1,AP24,"d")),"Check Data") -> Check Data | AS24: =_xlfn.IFS(AR24="Check Data","Check Data",AR24>30,"ยังไม่ถึงเกณฑ์",AR24>0,"ใกล้ถึงเกณฑ์",AR24=0,"ถึงเกณฑ์",AR24<0,"ถึงเกณฑ์นานแล้ว") -> Check Data | AT24: =IF(B24="","",IF(K24="S1","S1",INDEX(#REF!,#REF!))) | AU24: =K24 -> S1 | AV24: =K24=AT24 -> FALSE
A25: 23 | D25: กรมราชทัณฑ์ | E25: 03/11/2540 | F25: =IF(E25="","",TEXT(EDATE(E25,-543*12),"dd/mm/yyyy")) -> 03/11/1997 | G25: =IF(F25="",0,DATEDIF(F25,$C$1,"Y")) -> 27 | H25: =IF(F25="",0,DATEDIF(F25,$C$1,"YM")) -> 7 | I25: =IF(F25="",0,DATEDIF(F25,$C$1,"MD")) -> 17 | J25: รองอธิบดีกรมราชทัณฑ์ | K25: S1 | L25: =IF(B25="","",IF(K25="S1",K25,INDEX(#REF!,#REF!))) | M25: =K25=L25 -> FALSE | P25: 2571 | Q25: 30/01/2568 | R25: =TEXT(EDATE(Q25,-543*12),"dd/mm/yyyy") -> 30/01/2025 | S25: =IF(B25="","",IF(K25="S1",K25,INDEX(#REF!,#REF!))) | T25: =Q25=S25 -> FALSE | U25: =IF(R25="",0,DATEDIF(R25,$C$1,"Y")) -> 0 | V25: =IF(R25="",0,DATEDIF(R25,$C$1,"YM")) -> 4 | W25: =IF(R25="",0,DATEDIF(R25,$C$1,"MD")) -> 21 | X25: M2 16/01/2561 | Y25: M2 | Z25: 16/01/2561 | AA25: =IF(Z25="","",TEXT(EDATE(Z25,-543*12),"dd/mm/yyyy")) -> 16/01/2018 | AB25: =IF(AA25="",0,DATEDIF(AA25,R25,"Y")) -> 7 | AC25: =IF(AA25="",0,DATEDIF(AA25,R25,"YM")) -> 0 | AD25: =IF(AA25="",0,DATEDIF(AA25,R25,"MD")) -> 14 | AG25: =IF(AF25="","",TEXT(EDATE(AF25,-543*12),"dd/mm/yyyy")) | AH25: =IF(AG25="",0,DATEDIF(AG25,AA25,"Y")) -> 0 | AI25: =IF(AG25="",0,DATEDIF(AG25,AA25,"YM")) -> 0 | AJ25: =IF(AG25="",0,DATEDIF(AG25,AA25,"MD")) -> 0 | AL25: ศิลปศาสตรบัณฑิต | AM25: =IF(B25="","",IF(K25="S1",K25,INDEX(#REF!,#REF!))) | AN25: =AL25=AM25 -> FALSE | AO25: =IF(AL25="นิติศาสตร์","K5-LAW","K5-POLICY") -> K5-POLICY | AP25: =_xlfn.IFS(B25="","",AND(AO25="K5-LAW",AL25="นิติศาสตร์",K25="S2",Y25="",AE25=""),R25,AND(AO25="K5-LAW",AL25="นิติศาสตร์",K25="S1",Y25="",AE25=""),EDATE(R25,12),AND(AO25="K5-LAW",AL25="นิติศาสตร์",OR(K25="M2",K25="K4"),Y25="",AE25=""),EDATE(R25,12*2),AND(AO25="K5-LAW",AL25="นิติศาสตร์",OR(AE25="M2",AE25="K4"),AH25>=2,OR(AG25<AA25,AG25<R25)),EDATE(AG25,12*2),AND(AO25="K5-LAW",AL25="นิติศาสตร์",AE25="S1",AH25>=1,OR(AG25<AA25,AG25<R25)),EDATE(AG25,12),AND(AO25="K5-LAW",AL25="นิติศาสตร์",OR(Y25="M2",Y25="K4"),AB25>=2,AA25<R25),EDATE(AA25,12*2),AND(AO25="K5-LAW",AL25="นิติศาสตร์",Y25="S1",AB25>=1,AA25<R25),EDATE(AA25,12),AND(AO25="K5-LAW",AL25="นิติศาสตร์",OR(Y25="S2",Y25="K5")),AA25,AND(AO25="K5-LAW",AL25="นิติศาสตร์",OR(K25="M2",K25="K4"),U25>=2),EDATE(R25,12*2),AND(AO25="K5-LAW",AL25="นิติศาสตร์",K25="S1",U25>=1),EDATE(R25,12),AND(AO25="K5-LAW",AL25="นิติศาสตร์",OR(K25="S2",K25="K5")),R25,AND(AO25="K5-POLICY",AL25<>"นิติศาสตร์",K25="S2",Y25="",AE25=""),R25,AND(AO25="K5-POLICY",AL25<>"นิติศาสตร์",K25="S1",Y25="",AE25=""),EDATE(R25,12),AND(AO25="K5-POLICY",AL25<>"นิติศาสตร์",OR(K25="M2",K25="K4"),Y25="",AE25=""),EDATE(R25,12*2),AND(AO25="K5-POLICY",AL25<>"นิติศาสตร์",OR(AE25="M2",AE25="K4"),AH25>=2,OR(AG25<AA25,AG25<R25)),EDATE(AG25,12*2),AND(AO25="K5-POLICY",AL25<>"นิติศาสตร์",AE25="S1",AH25>=1,OR(AG25<AA25,AG25<R25)),EDATE(AG25,12),AND(AO25="K5-POLICY",AL25<>"นิติศาสตร์",OR(Y25="M2",Y25="K4"),AB25>=2,AA25<R25),EDATE(AA25,12*2),AND(AO25="K5-POLICY",AL25<>"นิติศาสตร์",Y25="S1",AB25>=1,AA25<R25),EDATE(AA25,12),AND(AO25="K5-POLICY",AL25<>"นิติศาสตร์",OR(Y25="S2",Y25="K5")),AA25,AND(AO25="K5-POLICY",AL25<>"นิติศาสตร์",OR(K25="M2",K25="K4"),U25>=2),EDATE(R25,12*2),AND(AO25="K5-POLICY",AL25<>"นิติศาสตร์",K25="S1",U25>=1),EDATE(R25,12),AND(AO25="K5-POLICY",AL25<>"นิติศาสตร์",OR(K25="S2",K25="K5")),R25,TRUE,"Check Data") | AQ25: =IFERROR(TEXT(EDATE(AP25,543*12),"dd/mm/yyyy"),"Check Data") -> Check Data | AR25: =IFERROR(IF($C$1>AP25,AP25-$C$1,DATEDIF($C$1,AP25,"d")),"Check Data") -> Check Data | AS25: =_xlfn.IFS(AR25="Check Data","Check Data",AR25>30,"ยังไม่ถึงเกณฑ์",AR25>0,"ใกล้ถึงเกณฑ์",AR25=0,"ถึงเกณฑ์",AR25<0,"ถึงเกณฑ์นานแล้ว") -> Check Data | AT25: =IF(B25="","",IF(K25="S1","S1",INDEX(#REF!,#REF!))) | AU25: =K25 -> S1 | AV25: =K25=AT25 -> FALSE
A26: 24 | D26: กรมสอบสวนคดีพิเศษ | E26: 01/02/2536 | F26: =IF(E26="","",TEXT(EDATE(E26,-543*12),"dd/mm/yyyy")) -> 01/02/1993 | G26: =IF(F26="",0,DATEDIF(F26,$C$1,"Y")) -> 32 | H26: =IF(F26="",0,DATEDIF(F26,$C$1,"YM")) -> 4 | I26: =IF(F26="",0,DATEDIF(F26,$C$1,"MD")) -> 19 | J26: รองอธิบดีกรมสอบสวนคดีพิเศษ | K26: S1 | L26: =IF(B26="","",IF(K26="S1",K26,INDEX(#REF!,#REF!))) | M26: =K26=L26 -> FALSE | P26: 2574 | Q26: 30/01/2568 | R26: =TEXT(EDATE(Q26,-543*12),"dd/mm/yyyy") -> 30/01/2025 | S26: =IF(B26="","",IF(K26="S1",K26,INDEX(#REF!,#REF!))) | T26: =Q26=S26 -> FALSE | U26: =IF(R26="",0,DATEDIF(R26,$C$1,"Y")) -> 0 | V26: =IF(R26="",0,DATEDIF(R26,$C$1,"YM")) -> 4 | W26: =IF(R26="",0,DATEDIF(R26,$C$1,"MD")) -> 21 | X26: M2 15/10/2563 | Y26: M2 | Z26: 15/10/2563 | AA26: =IF(Z26="","",TEXT(EDATE(Z26,-543*12),"dd/mm/yyyy")) -> 15/10/2020 | AB26: =IF(AA26="",0,DATEDIF(AA26,R26,"Y")) -> 4 | AC26: =IF(AA26="",0,DATEDIF(AA26,R26,"YM")) -> 3 | AD26: =IF(AA26="",0,DATEDIF(AA26,R26,"MD")) -> 15 | AG26: =IF(AF26="","",TEXT(EDATE(AF26,-543*12),"dd/mm/yyyy")) | AH26: =IF(AG26="",0,DATEDIF(AG26,AA26,"Y")) -> 0 | AI26: =IF(AG26="",0,DATEDIF(AG26,AA26,"YM")) -> 0 | AJ26: =IF(AG26="",0,DATEDIF(AG26,AA26,"MD")) -> 0 | AL26: นิติศาสตร์ | AM26: =IF(B26="","",IF(K26="S1",K26,INDEX(#REF!,#REF!))) | AN26: =AL26=AM26 -> FALSE | AO26: =IF(AL26="นิติศาสตร์","K5-LAW","K5-POLICY") -> K5-LAW | AP26: =_xlfn.IFS(B26="","",AND(AO26="K5-LAW",AL26="นิติศาสตร์",K26="S2",Y26="",AE26=""),R26,AND(AO26="K5-LAW",AL26="นิติศาสตร์",K26="S1",Y26="",AE26=""),EDATE(R26,12),AND(AO26="K5-LAW",AL26="นิติศาสตร์",OR(K26="M2",K26="K4"),Y26="",AE26=""),EDATE(R26,12*2),AND(AO26="K5-LAW",AL26="นิติศาสตร์",OR(AE26="M2",AE26="K4"),AH26>=2,OR(AG26<AA26,AG26<R26)),EDATE(AG26,12*2),AND(AO26="K5-LAW",AL26="นิติศาสตร์",AE26="S1",AH26>=1,OR(AG26<AA26,AG26<R26)),EDATE(AG26,12),AND(AO26="K5-LAW",AL26="นิติศาสตร์",OR(Y26="M2",Y26="K4"),AB26>=2,AA26<R26),EDATE(AA26,12*2),AND(AO26="K5-LAW",AL26="นิติศาสตร์",Y26="S1",AB26>=1,AA26<R26),EDATE(AA26,12),AND(AO26="K5-LAW",AL26="นิติศาสตร์",OR(Y26="S2",Y26="K5")),AA26,AND(AO26="K5-LAW",AL26="นิติศาสตร์",OR(K26="M2",K26="K4"),U26>=2),EDATE(R26,12*2),AND(AO26="K5-LAW",AL26="นิติศาสตร์",K26="S1",U26>=1),EDATE(R26,12),AND(AO26="K5-LAW",AL26="นิติศาสตร์",OR(K26="S2",K26="K5")),R26,AND(AO26="K5-POLICY",AL26<>"นิติศาสตร์",K26="S2",Y26="",AE26=""),R26,AND(AO26="K5-POLICY",AL26<>"นิติศาสตร์",K26="S1",Y26="",AE26=""),EDATE(R26,12),AND(AO26="K5-POLICY",AL26<>"นิติศาสตร์",OR(K26="M2",K26="K4"),Y26="",AE26=""),EDATE(R26,12*2),AND(AO26="K5-POLICY",AL26<>"นิติศาสตร์",OR(AE26="M2",AE26="K4"),AH26>=2,OR(AG26<AA26,AG26<R26)),EDATE(AG26,12*2),AND(AO26="K5-POLICY",AL26<>"นิติศาสตร์",AE26="S1",AH26>=1,OR(AG26<AA26,AG26<R26)),EDATE(AG26,12),AND(AO26="K5-POLICY",AL26<>"นิติศาสตร์",OR(Y26="M2",Y26="K4"),AB26>=2,AA26<R26),EDATE(AA26,12*2),AND(AO26="K5-POLICY",AL26<>"นิติศาสตร์",Y26="S1",AB26>=1,AA26<R26),EDATE(AA26,12),AND(AO26="K5-POLICY",AL26<>"นิติศาสตร์",OR(Y26="S2",Y26="K5")),AA26,AND(AO26="K5-POLICY",AL26<>"นิติศาสตร์",OR(K26="M2",K26="K4"),U26>=2),EDATE(R26,12*2),AND(AO26="K5-POLICY",AL26<>"นิติศาสตร์",K26="S1",U26>=1),EDATE(R26,12),AND(AO26="K5-POLICY",AL26<>"นิติศาสตร์",OR(K26="S2",K26="K5")),R26,TRUE,"Check Data") | AQ26: =IFERROR(TEXT(EDATE(AP26,543*12),"dd/mm/yyyy"),"Check Data") -> Check Data | AR26: =IFERROR(IF($C$1>AP26,AP26-$C$1,DATEDIF($C$1,AP26,"d")),"Check Data") -> Check Data | AS26: =_xlfn.IFS(AR26="Check Data","Check Data",AR26>30,"ยังไม่ถึงเกณฑ์",AR26>0,"ใกล้ถึงเกณฑ์",AR26=0,"ถึงเกณฑ์",AR26<0,"ถึงเกณฑ์นานแล้ว") -> Check Data | AT26: =IF(B26="","",IF(K26="S1","S1",INDEX(#REF!,#REF!))) | AU26: =K26 -> S1 | AV26: =K26=AT26 -> FALSE
A27: 25 | D27: สำนักงานกิจการยุติธรรม | E27: 18/09/2538 | F27: =IF(E27="","",TEXT(EDATE(E27,-543*12),"dd/mm/yyyy")) -> 18/09/1995 | G27: =IF(F27="",0,DATEDIF(F27,$C$1,"Y")) -> 29 | H27: =IF(F27="",0,DATEDIF(F27,$C$1,"YM")) -> 9 | I27: =IF(F27="",0,DATEDIF(F27,$C$1,"MD")) -> 2 | J27: รองผู้อำนวยการสำนักงานกิจการยุติธรรม | K27: S1 | L27: =IF(B27="","",IF(K27="S1",K27,INDEX(#REF!,#REF!))) | M27: =K27=L27 -> FALSE | P27: 2571 | Q27: 30/01/2568 | R27: =TEXT(EDATE(Q27,-543*12),"dd/mm/yyyy") -> 30/01/2025 | S27: =IF(B27="","",IF(K27="S1",K27,INDEX(#REF!,#REF!))) | T27: =Q27=S27 -> FALSE | U27: =IF(R27="",0,DATEDIF(R27,$C$1,"Y")) -> 0 | V27: =IF(R27="",0,DATEDIF(R27,$C$1,"YM")) -> 4 | W27: =IF(R27="",0,DATEDIF(R27,$C$1,"MD")) -> 21 | X27: M2 18/10/2564 | Y27: M2 | Z27: 18/10/2564 | AA27: =IF(Z27="","",TEXT(EDATE(Z27,-543*12),"dd/mm/yyyy")) -> 18/10/2021 | AB27: =IF(AA27="",0,DATEDIF(AA27,R27,"Y")) -> 3 | AC27: =IF(AA27="",0,DATEDIF(AA27,R27,"YM")) -> 3 | AD27: =IF(AA27="",0,DATEDIF(AA27,R27,"MD")) -> 12 | AG27: =IF(AF27="","",TEXT(EDATE(AF27,-543*12),"dd/mm/yyyy")) | AH27: =IF(AG27="",0,DATEDIF(AG27,AA27,"Y")) -> 0 | AI27: =IF(AG27="",0,DATEDIF(AG27,AA27,"YM")) -> 0 | AJ27: =IF(AG27="",0,DATEDIF(AG27,AA27,"MD")) -> 0 | AL27: ศิลปศาสตรมหาบัณฑิต | AM27: =IF(B27="","",IF(K27="S1",K27,INDEX(#REF!,#REF!))) | AN27: =AL27=AM27 -> FALSE | AO27: =IF(AL27="นิติศาสตร์","K5-LAW","K5-POLICY") -> K5-POLICY | AP27: =_xlfn.IFS(B27="","",AND(AO27="K5-LAW",AL27="นิติศาสตร์",K27="S2",Y27="",AE27=""),R27,AND(AO27="K5-LAW",AL27="นิติศาสตร์",K27="S1",Y27="",AE27=""),EDATE(R27,12),AND(AO27="K5-LAW",AL27="นิติศาสตร์",OR(K27="M2",K27="K4"),Y27="",AE27=""),EDATE(R27,12*2),AND(AO27="K5-LAW",AL27="นิติศาสตร์",OR(AE27="M2",AE27="K4"),AH27>=2,OR(AG27<AA27,AG27<R27)),EDATE(AG27,12*2),AND(AO27="K5-LAW",AL27="นิติศาสตร์",AE27="S1",AH27>=1,OR(AG27<AA27,AG27<R27)),EDATE(AG27,12),AND(AO27="K5-LAW",AL27="นิติศาสตร์",OR(Y27="M2",Y27="K4"),AB27>=2,AA27<R27),EDATE(AA27,12*2),AND(AO27="K5-LAW",AL27="นิติศาสตร์",Y27="S1",AB27>=1,AA27<R27),EDATE(AA27,12),AND(AO27="K5-LAW",AL27="นิติศาสตร์",OR(Y27="S2",Y27="K5")),AA27,AND(AO27="K5-LAW",AL27="นิติศาสตร์",OR(K27="M2",K27="K4"),U27>=2),EDATE(R27,12*2),AND(AO27="K5-LAW",AL27="นิติศาสตร์",K27="S1",U27>=1),EDATE(R27,12),AND(AO27="K5-LAW",AL27="นิติศาสตร์",OR(K27="S2",K27="K5")),R27,AND(AO27="K5-POLICY",AL27<>"นิติศาสตร์",K27="S2",Y27="",AE27=""),R27,AND(AO27="K5-POLICY",AL27<>"นิติศาสตร์",K27="S1",Y27="",AE27=""),EDATE(R27,12),AND(AO27="K5-POLICY",AL27<>"นิติศาสตร์",OR(K27="M2",K27="K4"),Y27="",AE27=""),EDATE(R27,12*2),AND(AO27="K5-POLICY",AL27<>"นิติศาสตร์",OR(AE27="M2",AE27="K4"),AH27>=2,OR(AG27<AA27,AG27<R27)),EDATE(AG27,12*2),AND(AO27="K5-POLICY",AL27<>"นิติศาสตร์",AE27="S1",AH27>=1,OR(AG27<AA27,AG27<R27)),EDATE(AG27,12),AND(AO27="K5-POLICY",AL27<>"นิติศาสตร์",OR(Y27="M2",Y27="K4"),AB27>=2,AA27<R27),EDATE(AA27,12*2),AND(AO27="K5-POLICY",AL27<>"นิติศาสตร์",Y27="S1",AB27>=1,AA27<R27),EDATE(AA27,12),AND(AO27="K5-POLICY",AL27<>"นิติศาสตร์",OR(Y27="S2",Y27="K5")),AA27,AND(AO27="K5-POLICY",AL27<>"นิติศาสตร์",OR(K27="M2",K27="K4"),U27>=2),EDATE(R27,12*2),AND(AO27="K5-POLICY",AL27<>"นิติศาสตร์",K27="S1",U27>=1),EDATE(R27,12),AND(AO27="K5-POLICY",AL27<>"นิติศาสตร์",OR(K27="S2",K27="K5")),R27,TRUE,"Check Data") | AQ27: =IFERROR(TEXT(EDATE(AP27,543*12),"dd/mm/yyyy"),"Check Data") -> Check Data | AR27: =IFERROR(IF($C$1>AP27,AP27-$C$1,DATEDIF($C$1,AP27,"d")),"Check Data") -> Check Data | AS27: =_xlfn.IFS(AR27="Check Data","Check Data",AR27>30,"ยังไม่ถึงเกณฑ์",AR27>0,"ใกล้ถึงเกณฑ์",AR27=0,"ถึงเกณฑ์",AR27<0,"ถึงเกณฑ์นานแล้ว") -> Check Data | AT27: =IF(B27="","",IF(K27="S1","S1",INDEX(#REF!,#REF!))) | AU27: =K27 -> S1 | AV27: =K27=AT27 -> FALSE
A28: 26 | D28: กรมคุมประพฤติ | E28: 01/02/2533 | F28: =IF(E28="","",TEXT(EDATE(E28,-543*12),"dd/mm/yyyy")) -> 01/02/1990 | G28: =IF(F28="",0,DATEDIF(F28,$C$1,"Y")) -> 35 | H28: =IF(F28="",0,DATEDIF(F28,$C$1,"YM")) -> 4 | I28: =IF(F28="",0,DATEDIF(F28,$C$1,"MD")) -> 19 | K28: M2 | L28: =IF(B28="","",IF(K28="S1",K28,INDEX(#REF!,#REF!))) | M28: =K28=L28 -> FALSE | O28: ป.ช. | P28: 2568 | Q28: 01/05/2557 | R28: =TEXT(EDATE(Q28,-543*12),"dd/mm/yyyy") -> 01/05/2014 | S28: =IF(B28="","",IF(K28="S1",K28,INDEX(#REF!,#REF!))) | T28: =Q28=S28 -> FALSE | U28: =IF(R28="",0,DATEDIF(R28,$C$1,"Y")) -> 11 | V28: =IF(R28="",0,DATEDIF(R28,$C$1,"YM")) -> 1 | W28: =IF(R28="",0,DATEDIF(R28,$C$1,"MD")) -> 19 | AA28: =IF(Z28="","",TEXT(EDATE(Z28,-543*12),"dd/mm/yyyy")) | AB28: =IF(AA28="",0,DATEDIF(AA28,R28,"Y")) -> 0 | AC28: =IF(AA28="",0,DATEDIF(AA28,R28,"YM")) -> 0 | AD28: =IF(AA28="",0,DATEDIF(AA28,R28,"MD")) -> 0 | AG28: =IF(AF28="","",TEXT(EDATE(AF28,-543*12),"dd/mm/yyyy")) | AH28: =IF(AG28="",0,DATEDIF(AG28,AA28,"Y")) -> 0 | AI28: =IF(AG28="",0,DATEDIF(AG28,AA28,"YM")) -> 0 | AJ28: =IF(AG28="",0,DATEDIF(AG28,AA28,"MD")) -> 0 | AL28: วิทยาศาสตรบัณฑิต | AM28: =IF(B28="","",IF(K28="S1",K28,INDEX(#REF!,#REF!))) | AN28: =AL28=AM28 -> FALSE | AO28: =IF(AL28="นิติศาสตร์","K5-LAW","K5-POLICY") -> K5-POLICY | AP28: =_xlfn.IFS(B28="","",AND(AO28="K5-LAW",AL28="นิติศาสตร์",K28="S2",Y28="",AE28=""),R28,AND(AO28="K5-LAW",AL28="นิติศาสตร์",K28="S1",Y28="",AE28=""),EDATE(R28,12),AND(AO28="K5-LAW",AL28="นิติศาสตร์",OR(K28="M2",K28="K4"),Y28="",AE28=""),EDATE(R28,12*2),AND(AO28="K5-LAW",AL28="นิติศาสตร์",OR(AE28="M2",AE28="K4"),AH28>=2,OR(AG28<AA28,AG28<R28)),EDATE(AG28,12*2),AND(AO28="K5-LAW",AL28="นิติศาสตร์",AE28="S1",AH28>=1,OR(AG28<AA28,AG28<R28)),EDATE(AG28,12),AND(AO28="K5-LAW",AL28="นิติศาสตร์",OR(Y28="M2",Y28="K4"),AB28>=2,AA28<R28),EDATE(AA28,12*2),AND(AO28="K5-LAW",AL28="นิติศาสตร์",Y28="S1",AB28>=1,AA28<R28),EDATE(AA28,12),AND(AO28="K5-LAW",AL28="นิติศาสตร์",OR(Y28="S2",Y28="K5")),AA28,AND(AO28="K5-LAW",AL28="นิติศาสตร์",OR(K28="M2",K28="K4"),U28>=2),EDATE(R28,12*2),AND(AO28="K5-LAW",AL28="นิติศาสตร์",K28="S1",U28>=1),EDATE(R28,12),AND(AO28="K5-LAW",AL28="นิติศาสตร์",OR(K28="S2",K28="K5")),R28,AND(AO28="K5-POLICY",AL28<>"นิติศาสตร์",K28="S2",Y28="",AE28=""),R28,AND(AO28="K5-POLICY",AL28<>"นิติศาสตร์",K28="S1",Y28="",AE28=""),EDATE(R28,12),AND(AO28="K5-POLICY",AL28<>"นิติศาสตร์",OR(K28="M2",K28="K4"),Y28="",AE28=""),EDATE(R28,12*2),AND(AO28="K5-POLICY",AL28<>"นิติศาสตร์",OR(AE28="M2",AE28="K4"),AH28>=2,OR(AG28<AA28,AG28<R28)),EDATE(AG28,12*2),AND(AO28="K5-POLICY",AL28<>"นิติศาสตร์",AE28="S1",AH28>=1,OR(AG28<AA28,AG28<R28)),EDATE(AG28,12),AND(AO28="K5-POLICY",AL28<>"นิติศาสตร์",OR(Y28="M2",Y28="K4"),AB28>=2,AA28<R28),EDATE(AA28,12*2),AND(AO28="K5-POLICY",AL28<>"นิติศาสตร์",Y28="S1",AB28>=1,AA28<R28),EDATE(AA28,12),AND(AO28="K5-POLICY",AL28<>"นิติศาสตร์",OR(Y28="S2",Y28="K5")),AA28,AND(AO28="K5-POLICY",AL28<>"นิติศาสตร์",OR(K28="M2",K28="K4"),U28>=2),EDATE(R28,12*2),AND(AO28="K5-POLICY",AL28<>"นิติศาสตร์",K28="S1",U28>=1),EDATE(R28,12),AND(AO28="K5-POLICY",AL28<>"นิติศาสตร์",OR(K28="S2",K28="K5")),R28,TRUE,"Check Data") | AQ28: =IFERROR(TEXT(EDATE(AP28,543*12),"dd/mm/yyyy"),"Check Data") -> Check Data | AR28: =IFERROR(IF($C$1>AP28,AP28-$C$1,DATEDIF($C$1,AP28,"d")),"Check Data") -> Check Data | AS28: =_xlfn.IFS(AR28="Check Data","Check Data",AR28>30,"ยังไม่ถึงเกณฑ์",AR28>0,"ใกล้ถึงเกณฑ์",AR28=0,"ถึงเกณฑ์",AR28<0,"ถึงเกณฑ์นานแล้ว") -> Check Data | AT28: =IF(B28="","",IF(K28="S1","S1",INDEX(#REF!,#REF!))) | AU28: =K28 -> M2 | AV28: =K28=AT28 -> FALSE
A29: 27 | D29: กรมคุมประพฤติ | E29: 01/05/2533 | F29: =IF(E29="","",TEXT(EDATE(E29,-543*12),"dd/mm/yyyy")) -> 01/05/1990 | G29: =IF(F29="",0,DATEDIF(F29,$C$1,"Y")) -> 35 | H29: =IF(F29="",0,DATEDIF(F29,$C$1,"YM")) -> 1 | I29: =IF(F29="",0,DATEDIF(F29,$C$1,"MD")) -> 19 | K29: M2 | L29: =IF(B29="","",IF(K29="S1",K29,INDEX(#REF!,#REF!))) | M29: =K29=L29 -> FALSE | O29: ป.ช. | P29: 2570 | Q29: 01/05/2557 | R29: =TEXT(EDATE(Q29,-543*12),"dd/mm/yyyy") -> 01/05/2014 | S29: =IF(B29="","",IF(K29="S1",K29,INDEX(#REF!,#REF!))) | T29: =Q29=S29 -> FALSE | U29: =IF(R29="",0,DATEDIF(R29,$C$1,"Y")) -> 11 | V29: =IF(R29="",0,DATEDIF(R29,$C$1,"YM")) -> 1 | W29: =IF(R29="",0,DATEDIF(R29,$C$1,"MD")) -> 19 | AA29: =IF(Z29="","",TEXT(EDATE(Z29,-543*12),"dd/mm/yyyy")) | AB29: =IF(AA29="",0,DATEDIF(AA29,R29,"Y")) -> 0 | AC29: =IF(AA29="",0,DATEDIF(AA29,R29,"YM")) -> 0 | AD29: =IF(AA29="",0,DATEDIF(AA29,R29,"MD")) -> 0 | AG29: =IF(AF29="","",TEXT(EDATE(AF29,-543*12),"dd/mm/yyyy")) | AH29: =IF(AG29="",0,DATEDIF(AG29,AA29,"Y")) -> 0 | AI29: =IF(AG29="",0,DATEDIF(AG29,AA29,"YM")) -> 0 | AJ29: =IF(AG29="",0,DATEDIF(AG29,AA29,"MD")) -> 0 | AL29: ศิลปศาสตรบัณฑิต | AM29: =IF(B29="","",IF(K29="S1",K29,INDEX(#REF!,#REF!))) | AN29: =AL29=AM29 -> FALSE | AO29: =IF(AL29="นิติศาสตร์","K5-LAW","K5-POLICY") -> K5-POLICY | AP29: =_xlfn.IFS(B29="","",AND(AO29="K5-LAW",AL29="นิติศาสตร์",K29="S2",Y29="",AE29=""),R29,AND(AO29="K5-LAW",AL29="นิติศาสตร์",K29="S1",Y29="",AE29=""),EDATE(R29,12),AND(AO29="K5-LAW",AL29="นิติศาสตร์",OR(K29="M2",K29="K4"),Y29="",AE29=""),EDATE(R29,12*2),AND(AO29="K5-LAW",AL29="นิติศาสตร์",OR(AE29="M2",AE29="K4"),AH29>=2,OR(AG29<AA29,AG29<R29)),EDATE(AG29,12*2),AND(AO29="K5-LAW",AL29="นิติศาสตร์",AE29="S1",AH29>=1,OR(AG29<AA29,AG29<R29)),EDATE(AG29,12),AND(AO29="K5-LAW",AL29="นิติศาสตร์",OR(Y29="M2",Y29="K4"),AB29>=2,AA29<R29),EDATE(AA29,12*2),AND(AO29="K5-LAW",AL29="นิติศาสตร์",Y29="S1",AB29>=1,AA29<R29),EDATE(AA29,12),AND(AO29="K5-LAW",AL29="นิติศาสตร์",OR(Y29="S2",Y29="K5")),AA29,AND(AO29="K5-LAW",AL29="นิติศาสตร์",OR(K29="M2",K29="K4"),U29>=2),EDATE(R29,12*2),AND(AO29="K5-LAW",AL29="นิติศาสตร์",K29="S1",U29>=1),EDATE(R29,12),AND(AO29="K5-LAW",AL29="นิติศาสตร์",OR(K29="S2",K29="K5")),R29,AND(AO29="K5-POLICY",AL29<>"นิติศาสตร์",K29="S2",Y29="",AE29=""),R29,AND(AO29="K5-POLICY",AL29<>"นิติศาสตร์",K29="S1",Y29="",AE29=""),EDATE(R29,12),AND(AO29="K5-POLICY",AL29<>"นิติศาสตร์",OR(K29="M2",K29="K4"),Y29="",AE29=""),EDATE(R29,12*2),AND(AO29="K5-POLICY",AL29<>"นิติศาสตร์",OR(AE29="M2",AE29="K4"),AH29>=2,OR(AG29<AA29,AG29<R29)),EDATE(AG29,12*2),AND(AO29="K5-POLICY",AL29<>"นิติศาสตร์",AE29="S1",AH29>=1,OR(AG29<AA29,AG29<R29)),EDATE(AG29,12),AND(AO29="K5-POLICY",AL29<>"นิติศาสตร์",OR(Y29="M2",Y29="K4"),AB29>=2,AA29<R29),EDATE(AA29,12*2),AND(AO29="K5-POLICY",AL29<>"นิติศาสตร์",Y29="S1",AB29>=1,AA29<R29),EDATE(AA29,12),AND(AO29="K5-POLICY",AL29<>"นิติศาสตร์",OR(Y29="S2",Y29="K5")),AA29,AND(AO29="K5-POLICY",AL29<>"นิติศาสตร์",OR(K29="M2",K29="K4"),U29>=2),EDATE(R29,12*2),AND(AO29="K5-POLICY",AL29<>"นิติศาสตร์",K29="S1",U29>=1),EDATE(R29,12),AND(AO29="K5-POLICY",AL29<>"นิติศาสตร์",OR(K29="S2",K29="K5")),R29,TRUE,"Check Data") | AQ29: =IFERROR(TEXT(EDATE(AP29,543*12),"dd/mm/yyyy"),"Check Data") -> Check Data | AR29: =IFERROR(IF($C$1>AP29,AP29-$C$1,DATEDIF($C$1,AP29,"d")),"Check Data") -> Check Data | AS29: =_xlfn.IFS(AR29="Check Data","Check Data",AR29>30,"ยังไม่ถึงเกณฑ์",AR29>0,"ใกล้ถึงเกณฑ์",AR29=0,"ถึงเกณฑ์",AR29<0,"ถึงเกณฑ์นานแล้ว") -> Check Data | AT29: =IF(B29="","",IF(K29="S1","S1",INDEX(#REF!,#REF!))) | AU29: =K29 -> M2 | AV29: =K29=AT29 -> FALSE
A30: 28 | D30: กรมสอบสวนคดีพิเศษ | E30: 01/05/2532 | F30: =IF(E30="","",TEXT(EDATE(E30,-543*12),"dd/mm/yyyy")) -> 01/05/1989 | G30: =IF(F30="",0,DATEDIF(F30,$C$1,"Y")) -> 36 | H30: =IF(F30="",0,DATEDIF(F30,$C$1,"YM")) -> 1 | I30: =IF(F30="",0,DATEDIF(F30,$C$1,"MD")) -> 19 | K30: M2 | L30: =IF(B30="","",IF(K30="S1",K30,INDEX(#REF!,#REF!))) | M30: =K30=L30 -> FALSE | O30: ป.ช. | P30: 2572 | Q30: 16/07/2558 | R30: =TEXT(EDATE(Q30,-543*12),"dd/mm/yyyy") -> 16/07/2015 | S30: =IF(B30="","",IF(K30="S1",K30,INDEX(#REF!,#REF!))) | T30: =Q30=S30 -> FALSE | U30: =IF(R30="",0,DATEDIF(R30,$C$1,"Y")) -> 9 | V30: =IF(R30="",0,DATEDIF(R30,$C$1,"YM")) -> 11 | W30: =IF(R30="",0,DATEDIF(R30,$C$1,"MD")) -> 4 | AA30: =IF(Z30="","",TEXT(EDATE(Z30,-543*12),"dd/mm/yyyy")) | AB30: =IF(AA30="",0,DATEDIF(AA30,R30,"Y")) -> 0 | AC30: =IF(AA30="",0,DATEDIF(AA30,R30,"YM")) -> 0 | AD30: =IF(AA30="",0,DATEDIF(AA30,R30,"MD")) -> 0 | AG30: =IF(AF30="","",TEXT(EDATE(AF30,-543*12),"dd/mm/yyyy")) | AH30: =IF(AG30="",0,DATEDIF(AG30,AA30,"Y")) -> 0 | AI30: =IF(AG30="",0,DATEDIF(AG30,AA30,"YM")) -> 0 | AJ30: =IF(AG30="",0,DATEDIF(AG30,AA30,"MD")) -> 0 | AL30: รัฐประศาสนศาตรบัณฑิต / ... | AM30: =IF(B30="","",IF(K30="S1",K30,INDEX(#REF!,#REF!))) | AN30: =AL30=AM30 -> FALSE | AO30: =IF(AL30="นิติศาสตร์","K5-LAW","K5-POLICY") -> K5-POLICY | AP30: =_xlfn.IFS(B30="","",AND(AO30="K5-LAW",AL30="นิติศาสตร์",K30="S2",Y30="",AE30=""),R30,AND(AO30="K5-LAW",AL30="นิติศาสตร์",K30="S1",Y30="",AE30=""),EDATE(R30,12),AND(AO30="K5-LAW",AL30="นิติศาสตร์",OR(K30="M2",K30="K4"),Y30="",AE30=""),EDATE(R30,12*2),AND(AO30="K5-LAW",AL30="นิติศาสตร์",OR(AE30="M2",AE30="K4"),AH30>=2,OR(AG30<AA30,AG30<R30)),EDATE(AG30,12*2),AND(AO30="K5-LAW",AL30="นิติศาสตร์",AE30="S1",AH30>=1,OR(AG30<AA30,AG30<R30)),EDATE(AG30,12),AND(AO30="K5-LAW",AL30="นิติศาสตร์",OR(Y30="M2",Y30="K4"),AB30>=2,AA30<R30),EDATE(AA30,12*2),AND(AO30="K5-LAW",AL30="นิติศาสตร์",Y30="S1",AB30>=1,AA30<R30),EDATE(AA30,12),AND(AO30="K5-LAW",AL30="นิติศาสตร์",OR(Y30="S2",Y30="K5")),AA30,AND(AO30="K5-LAW",AL30="นิติศาสตร์",OR(K30="M2",K30="K4"),U30>=2),EDATE(R30,12*2),AND(AO30="K5-LAW",AL30="นิติศาสตร์",K30="S1",U30>=1),EDATE(R30,12),AND(AO30="K5-LAW",AL30="นิติศาสตร์",OR(K30="S2",K30="K5")),R30,AND(AO30="K5-POLICY",AL30<>"นิติศาสตร์",K30="S2",Y30="",AE30=""),R30,AND(AO30="K5-POLICY",AL30<>"นิติศาสตร์",K30="S1",Y30="",AE30=""),EDATE(R30,12),AND(AO30="K5-POLICY",AL30<>"นิติศาสตร์",OR(K30="M2",K30="K4"),Y30="",AE30=""),EDATE(R30,12*2),AND(AO30="K5-POLICY",AL30<>"นิติศาสตร์",OR(AE30="M2",AE30="K4"),AH30>=2,OR(AG30<AA30,AG30<R30)),EDATE(AG30,12*2),AND(AO30="K5-POLICY",AL30<>"นิติศาสตร์",AE30="S1",AH30>=1,OR(AG30<AA30,AG30<R30)),EDATE(AG30,12),AND(AO30="K5-POLICY",AL30<>"นิติศาสตร์",OR(Y30="M2",Y30="K4"),AB30>=2,AA30<R30),EDATE(AA30,12*2),AND(AO30="K5-POLICY",AL30<>"นิติศาสตร์",Y30="S1",AB30>=1,AA30<R30),EDATE(AA30,12),AND(AO30="K5-POLICY",AL30<>"นิติศาสตร์",OR(Y30="S2",Y30="K5")),AA30,AND(AO30="K5-POLICY",AL30<>"นิติศาสตร์",OR(K30="M2",K30="K4"),U30>=2),EDATE(R30,12*2),AND(AO30="K5-POLICY",AL30<>"นิติศาสตร์",K30="S1",U30>=1),EDATE(R30,12),AND(AO30="K5-POLICY",AL30<>"นิติศาสตร์",OR(K30="S2",K30="K5")),R30,TRUE,"Check Data") | AQ30: =IFERROR(TEXT(EDATE(AP30,543*12),"dd/mm/yyyy"),"Check Data") -> Check Data | AR30: =IFERROR(IF($C$1>AP30,AP30-$C$1,DATEDIF($C$1,AP30,"d")),"Check Data") -> Check Data | AS30: =_xlfn.IFS(AR30="Check Data","Check Data",AR30>30,"ยังไม่ถึงเกณฑ์",AR30>0,"ใกล้ถึงเกณฑ์",AR30=0,"ถึงเกณฑ์",AR30<0,"ถึงเกณฑ์นานแล้ว") -> Check Data | AT30: =IF(B30="","",IF(K30="S1","S1",INDEX(#REF!,#REF!))) | AU30: =K30 -> M2 | AV30: =K30=AT30 -> FALSE
A31: 29 | D31: กรมพินิจและคุ้มครองเด็กและเยาวชน | E31: 01/04/2541 | F31: =IF(E31="","",TEXT(EDATE(E31,-543*12),"dd/mm/yyyy")) -> 01/04/1998 | G31: =IF(F31="",0,DATEDIF(F31,$C$1,"Y")) -> 27 | H31: =IF(F31="",0,DATEDIF(F31,$C$1,"YM")) -> 2 | I31: =IF(F31="",0,DATEDIF(F31,$C$1,"MD")) -> 19 | K31: M2 | L31: =IF(B31="","",IF(K31="S1",K31,INDEX(#REF!,#REF!))) | M31: =K31=L31 -> FALSE | O31: ป.ช. | P31: 2575 | Q31: 21/04/2559 | R31: =TEXT(EDATE(Q31,-543*12),"dd/mm/yyyy") -> 21/04/2016 | S31: =IF(B31="","",IF(K31="S1",K31,INDEX(#REF!,#REF!))) | T31: =Q31=S31 -> FALSE | U31: =IF(R31="",0,DATEDIF(R31,$C$1,"Y")) -> 9 | V31: =IF(R31="",0,DATEDIF(R31,$C$1,"YM")) -> 1 | W31: =IF(R31="",0,DATEDIF(R31,$C$1,"MD")) -> 30 | AA31: =IF(Z31="","",TEXT(EDATE(Z31,-543*12),"dd/mm/yyyy")) | AB31: =IF(AA31="",0,DATEDIF(AA31,R31,"Y")) -> 0 | AC31: =IF(AA31="",0,DATEDIF(AA31,R31,"YM")) -> 0 | AD31: =IF(AA31="",0,DATEDIF(AA31,R31,"MD")) -> 0 | AG31: =IF(AF31="","",TEXT(EDATE(AF31,-543*12),"dd/mm/yyyy")) | AH31: =IF(AG31="",0,DATEDIF(AG31,AA31,"Y")) -> 0 | AI31: =IF(AG31="",0,DATEDIF(AG31,AA31,"YM")) -> 0 | AJ31: =IF(AG31="",0,DATEDIF(AG31,AA31,"MD")) -> 0 | AL31: นิติศาสตร์ | AM31: =IF(B31="","",IF(K31="S1",K31,INDEX(#REF!,#REF!))) | AN31: =AL31=AM31 -> FALSE | AO31: =IF(AL31="นิติศาสตร์","K5-LAW","K5-POLICY") -> K5-LAW | AP31: =_xlfn.IFS(B31="","",AND(AO31="K5-LAW",AL31="นิติศาสตร์",K31="S2",Y31="",AE31=""),R31,AND(AO31="K5-LAW",AL31="นิติศาสตร์",K31="S1",Y31="",AE31=""),EDATE(R31,12),AND(AO31="K5-LAW",AL31="นิติศาสตร์",OR(K31="M2",K31="K4"),Y31="",AE31=""),EDATE(R31,12*2),AND(AO31="K5-LAW",AL31="นิติศาสตร์",OR(AE31="M2",AE31="K4"),AH31>=2,OR(AG31<AA31,AG31<R31)),EDATE(AG31,12*2),AND(AO31="K5-LAW",AL31="นิติศาสตร์",AE31="S1",AH31>=1,OR(AG31<AA31,AG31<R31)),EDATE(AG31,12),AND(AO31="K5-LAW",AL31="นิติศาสตร์",OR(Y31="M2",Y31="K4"),AB31>=2,AA31<R31),EDATE(AA31,12*2),AND(AO31="K5-LAW",AL31="นิติศาสตร์",Y31="S1",AB31>=1,AA31<R31),EDATE(AA31,12),AND(AO31="K5-LAW",AL31="นิติศาสตร์",OR(Y31="S2",Y31="K5")),AA31,AND(AO31="K5-LAW",AL31="นิติศาสตร์",OR(K31="M2",K31="K4"),U31>=2),EDATE(R31,12*2),AND(AO31="K5-LAW",AL31="นิติศาสตร์",K31="S1",U31>=1),EDATE(R31,12),AND(AO31="K5-LAW",AL31="นิติศาสตร์",OR(K31="S2",K31="K5")),R31,AND(AO31="K5-POLICY",AL31<>"นิติศาสตร์",K31="S2",Y31="",AE31=""),R31,AND(AO31="K5-POLICY",AL31<>"นิติศาสตร์",K31="S1",Y31="",AE31=""),EDATE(R31,12),AND(AO31="K5-POLICY",AL31<>"นิติศาสตร์",OR(K31="M2",K31="K4"),Y31="",AE31=""),EDATE(R31,12*2),AND(AO31="K5-POLICY",AL31<>"นิติศาสตร์",OR(AE31="M2",AE31="K4"),AH31>=2,OR(AG31<AA31,AG31<R31)),EDATE(AG31,12*2),AND(AO31="K5-POLICY",AL31<>"นิติศาสตร์",AE31="S1",AH31>=1,OR(AG31<AA31,AG31<R31)),EDATE(AG31,12),AND(AO31="K5-POLICY",AL31<>"นิติศาสตร์",OR(Y31="M2",Y31="K4"),AB31>=2,AA31<R31),EDATE(AA31,12*2),AND(AO31="K5-POLICY",AL31<>"นิติศาสตร์",Y31="S1",AB31>=1,AA31<R31),EDATE(AA31,12),AND(AO31="K5-POLICY",AL31<>"นิติศาสตร์",OR(Y31="S2",Y31="K5")),AA31,AND(AO31="K5-POLICY",AL31<>"นิติศาสตร์",OR(K31="M2",K31="K4"),U31>=2),EDATE(R31,12*2),AND(AO31="K5-POLICY",AL31<>"นิติศาสตร์",K31="S1",U31>=1),EDATE(R31,12),AND(AO31="K5-POLICY",AL31<>"นิติศาสตร์",OR(K31="S2",K31="K5")),R31,TRUE,"Check Data") | AQ31: =IFERROR(TEXT(EDATE(AP31,543*12),"dd/mm/yyyy"),"Check Data") -> Check Data | AR31: =IFERROR(IF($C$1>AP31,AP31-$C$1,DATEDIF($C$1,AP31,"d")),"Check Data") -> Check Data | AS31: =_xlfn.IFS(AR31="Check Data","Check Data",AR31>30,"ยังไม่ถึงเกณฑ์",AR31>0,"ใกล้ถึงเกณฑ์",AR31=0,"ถึงเกณฑ์",AR31<0,"ถึงเกณฑ์นานแล้ว") -> Check Data | AT31: =IF(B31="","",IF(K31="S1","S1",INDEX(#REF!,#REF!))) | AU31: =K31 -> M2 | AV31: =K31=AT31 -> FALSE
A32: 30 | D32: กรมพินิจและคุ้มครองเด็กและเยาวชน | E32: 11/04/2539 | F32: =IF(E32="","",TEXT(EDATE(E32,-543*12),"dd/mm/yyyy")) -> 11/04/1996 | G32: =IF(F32="",0,DATEDIF(F32,$C$1,"Y")) -> 29 | H32: =IF(F32="",0,DATEDIF(F32,$C$1,"YM")) -> 2 | I32: =IF(F32="",0,DATEDIF(F32,$C$1,"MD")) -> 9 | K32: M2 | L32: =IF(B32="","",IF(K32="S1",K32,INDEX(#REF!,#REF!))) | M32: =K32=L32 -> FALSE | O32: ป.ช. | P32: 2573 | Q32: 26/10/2559 | R32: =TEXT(EDATE(Q32,-543*12),"dd/mm/yyyy") -> 26/10/2016 | S32: =IF(B32="","",IF(K32="S1",K32,INDEX(#REF!,#REF!))) | T32: =Q32=S32 -> FALSE | U32: =IF(R32="",0,DATEDIF(R32,$C$1,"Y")) -> 8 | V32: =IF(R32="",0,DATEDIF(R32,$C$1,"YM")) -> 7 | W32: =IF(R32="",0,DATEDIF(R32,$C$1,"MD")) -> 25 | AA32: =IF(Z32="","",TEXT(EDATE(Z32,-543*12),"dd/mm/yyyy")) | AB32: =IF(AA32="",0,DATEDIF(AA32,R32,"Y")) -> 0 | AC32: =IF(AA32="",0,DATEDIF(AA32,R32,"YM")) -> 0 | AD32: =IF(AA32="",0,DATEDIF(AA32,R32,"MD")) -> 0 | AG32: =IF(AF32="","",TEXT(EDATE(AF32,-543*12),"dd/mm/yyyy")) | AH32: =IF(AG32="",0,DATEDIF(AG32,AA32,"Y")) -> 0 | AI32: =IF(AG32="",0,DATEDIF(AG32,AA32,"YM")) -> 0 | AJ32: =IF(AG32="",0,DATEDIF(AG32,AA32,"MD")) -> 0 | AL32: นิติศาสตร์ | AM32: =IF(B32="","",IF(K32="S1",K32,INDEX(#REF!,#REF!))) | AN32: =AL32=AM32 -> FALSE | AO32: =IF(AL32="นิติศาสตร์","K5-LAW","K5-POLICY") -> K5-LAW | AP32: =_xlfn.IFS(B32="","",AND(AO32="K5-LAW",AL32="นิติศาสตร์",K32="S2",Y32="",AE32=""),R32,AND(AO32="K5-LAW",AL32="นิติศาสตร์",K32="S1",Y32="",AE32=""),EDATE(R32,12),AND(AO32="K5-LAW",AL32="นิติศาสตร์",OR(K32="M2",K32="K4"),Y32="",AE32=""),EDATE(R32,12*2),AND(AO32="K5-LAW",AL32="นิติศาสตร์",OR(AE32="M2",AE32="K4"),AH32>=2,OR(AG32<AA32,AG32<R32)),EDATE(AG32,12*2),AND(AO32="K5-LAW",AL32="นิติศาสตร์",AE32="S1",AH32>=1,OR(AG32<AA32,AG32<R32)),EDATE(AG32,12),AND(AO32="K5-LAW",AL32="นิติศาสตร์",OR(Y32="M2",Y32="K4"),AB32>=2,AA32<R32),EDATE(AA32,12*2),AND(AO32="K5-LAW",AL32="นิติศาสตร์",Y32="S1",AB32>=1,AA32<R32),EDATE(AA32,12),AND(AO32="K5-LAW",AL32="นิติศาสตร์",OR(Y32="S2",Y32="K5")),AA32,AND(AO32="K5-LAW",AL32="นิติศาสตร์",OR(K32="M2",K32="K4"),U32>=2),EDATE(R32,12*2),AND(AO32="K5-LAW",AL32="นิติศาสตร์",K32="S1",U32>=1),EDATE(R32,12),AND(AO32="K5-LAW",AL32="นิติศาสตร์",OR(K32="S2",K32="K5")),R32,AND(AO32="K5-POLICY",AL32<>"นิติศาสตร์",K32="S2",Y32="",AE32=""),R32,AND(AO32="K5-POLICY",AL32<>"นิติศาสตร์",K32="S1",Y32="",AE32=""),EDATE(R32,12),AND(AO32="K5-POLICY",AL32<>"นิติศาสตร์",OR(K32="M2",K32="K4"),Y32="",AE32=""),EDATE(R32,12*2),AND(AO32="K5-POLICY",AL32<>"นิติศาสตร์",OR(AE32="M2",AE32="K4"),AH32>=2,OR(AG32<AA32,AG32<R32)),EDATE(AG32,12*2),AND(AO32="K5-POLICY",AL32<>"นิติศาสตร์",AE32="S1",AH32>=1,OR(AG32<AA32,AG32<R32)),EDATE(AG32,12),AND(AO32="K5-POLICY",AL32<>"นิติศาสตร์",OR(Y32="M2",Y32="K4"),AB32>=2,AA32<R32),EDATE(AA32,12*2),AND(AO32="K5-POLICY",AL32<>"นิติศาสตร์",Y32="S1",AB32>=1,AA32<R32),EDATE(AA32,12),AND(AO32="K5-POLICY",AL32<>"นิติศาสตร์",OR(Y32="S2",Y32="K5")),AA32,AND(AO32="K5-POLICY",AL32<>"นิติศาสตร์",OR(K32="M2",K32="K4"),U32>=2),EDATE(R32,12*2),AND(AO32="K5-POLICY",AL32<>"นิติศาสตร์",K32="S1",U32>=1),EDATE(R32,12),AND(AO32="K5-POLICY",AL32<>"นิติศาสตร์",OR(K32="S2",K32="K5")),R32,TRUE,"Check Data") | AQ32: =IFERROR(TEXT(EDATE(AP32,543*12),"dd/mm/yyyy"),"Check Data") -> Check Data | AR32: =IFERROR(IF($C$1>AP32,AP32-$C$1,DATEDIF($C$1,AP32,"d")),"Check Data") -> Check Data | AS32: =_xlfn.IFS(AR32="Check Data","Check Data",AR32>30,"ยังไม่ถึงเกณฑ์",AR32>0,"ใกล้ถึงเกณฑ์",AR32=0,"ถึงเกณฑ์",AR32<0,"ถึงเกณฑ์นานแล้ว") -> Check Data | AT32: =IF(B32="","",IF(K32="S1","S1",INDEX(#REF!,#REF!))) | AU32: =K32 -> M2 | AV32: =K32=AT32 -> FALSE
A33: 31 | D33: กรมคุมประพฤติ | E33: 01/02/2533 | F33: =IF(E33="","",TEXT(EDATE(E33,-543*12),"dd/mm/yyyy")) -> 01/02/1990 | G33: =IF(F33="",0,DATEDIF(F33,$C$1,"Y")) -> 35 | H33: =IF(F33="",0,DATEDIF(F33,$C$1,"YM")) -> 4 | I33: =IF(F33="",0,DATEDIF(F33,$C$1,"MD")) -> 19 | K33: M2 | L33: =IF(B33="","",IF(K33="S1",K33,INDEX(#REF!,#REF!))) | M33: =K33=L33 -> FALSE | O33: ป.ช. | P33: 2569 | Q33: 19/12/2559 | R33: =TEXT(EDATE(Q33,-543*12),"dd/mm/yyyy") -> 19/12/2016 | S33: =IF(B33="","",IF(K33="S1",K33,INDEX(#REF!,#REF!))) | T33: =Q33=S33 -> FALSE | U33: =IF(R33="",0,DATEDIF(R33,$C$1,"Y")) -> 8 | V33: =IF(R33="",0,DATEDIF(R33,$C$1,"YM")) -> 6 | W33: =IF(R33="",0,DATEDIF(R33,$C$1,"MD")) -> 1 | AA33: =IF(Z33="","",TEXT(EDATE(Z33,-543*12),"dd/mm/yyyy")) | AB33: =IF(AA33="",0,DATEDIF(AA33,R33,"Y")) -> 0 | AC33: =IF(AA33="",0,DATEDIF(AA33,R33,"YM")) -> 0 | AD33: =IF(AA33="",0,DATEDIF(AA33,R33,"MD")) -> 0 | AG33: =IF(AF33="","",TEXT(EDATE(AF33,-543*12),"dd/mm/yyyy")) | AH33: =IF(AG33="",0,DATEDIF(AG33,AA33,"Y")) -> 0 | AI33: =IF(AG33="",0,DATEDIF(AG33,AA33,"YM")) -> 0 | AJ33: =IF(AG33="",0,DATEDIF(AG33,AA33,"MD")) -> 0 | AL33: วิทยาศาสตรบัณฑิต | AM33: =IF(B33="","",IF(K33="S1",K33,INDEX(#REF!,#REF!))) | AN33: =AL33=AM33 -> FALSE | AO33: =IF(AL33="นิติศาสตร์","K5-LAW","K5-POLICY") -> K5-POLICY | AP33: =_xlfn.IFS(B33="","",AND(AO33="K5-LAW",AL33="นิติศาสตร์",K33="S2",Y33="",AE33=""),R33,AND(AO33="K5-LAW",AL33="นิติศาสตร์",K33="S1",Y33="",AE33=""),EDATE(R33,12),AND(AO33="K5-LAW",AL33="นิติศาสตร์",OR(K33="M2",K33="K4"),Y33="",AE33=""),EDATE(R33,12*2),AND(AO33="K5-LAW",AL33="นิติศาสตร์",OR(AE33="M2",AE33="K4"),AH33>=2,OR(AG33<AA33,AG33<R33)),EDATE(AG33,12*2),AND(AO33="K5-LAW",AL33="นิติศาสตร์",AE33="S1",AH33>=1,OR(AG33<AA33,AG33<R33)),EDATE(AG33,12),AND(AO33="K5-LAW",AL33="นิติศาสตร์",OR(Y33="M2",Y33="K4"),AB33>=2,AA33<R33),EDATE(AA33,12*2),AND(AO33="K5-LAW",AL33="นิติศาสตร์",Y33="S1",AB33>=1,AA33<R33),EDATE(AA33,12),AND(AO33="K5-LAW",AL33="นิติศาสตร์",OR(Y33="S2",Y33="K5")),AA33,AND(AO33="K5-LAW",AL33="นิติศาสตร์",OR(K33="M2",K33="K4"),U33>=2),EDATE(R33,12*2),AND(AO33="K5-LAW",AL33="นิติศาสตร์",K33="S1",U33>=1),EDATE(R33,12),AND(AO33="K5-LAW",AL33="นิติศาสตร์",OR(K33="S2",K33="K5")),R33,AND(AO33="K5-POLICY",AL33<>"นิติศาสตร์",K33="S2",Y33="",AE33=""),R33,AND(AO33="K5-POLICY",AL33<>"นิติศาสตร์",K33="S1",Y33="",AE33=""),EDATE(R33,12),AND(AO33="K5-POLICY",AL33<>"นิติศาสตร์",OR(K33="M2",K33="K4"),Y33="",AE33=""),EDATE(R33,12*2),AND(AO33="K5-POLICY",AL33<>"นิติศาสตร์",OR(AE33="M2",AE33="K4"),AH33>=2,OR(AG33<AA33,AG33<R33)),EDATE(AG33,12*2),AND(AO33="K5-POLICY",AL33<>"นิติศาสตร์",AE33="S1",AH33>=1,OR(AG33<AA33,AG33<R33)),EDATE(AG33,12),AND(AO33="K5-POLICY",AL33<>"นิติศาสตร์",OR(Y33="M2",Y33="K4"),AB33>=2,AA33<R33),EDATE(AA33,12*2),AND(AO33="K5-POLICY",AL33<>"นิติศาสตร์",Y33="S1",AB33>=1,AA33<R33),EDATE(AA33,12),AND(AO33="K5-POLICY",AL33<>"นิติศาสตร์",OR(Y33="S2",Y33="K5")),AA33,AND(AO33="K5-POLICY",AL33<>"นิติศาสตร์",OR(K33="M2",K33="K4"),U33>=2),EDATE(R33,12*2),AND(AO33="K5-POLICY",AL33<>"นิติศาสตร์",K33="S1",U33>=1),EDATE(R33,12),AND(AO33="K5-POLICY",AL33<>"นิติศาสตร์",OR(K33="S2",K33="K5")),R33,TRUE,"Check Data") | AQ33: =IFERROR(TEXT(EDATE(AP33,543*12),"dd/mm/yyyy"),"Check Data") -> Check Data | AR33: =IFERROR(IF($C$1>AP33,AP33-$C$1,DATEDIF($C$1,AP33,"d")),"Check Data") -> Check Data | AS33: =_xlfn.IFS(AR33="Check Data","Check Data",AR33>30,"ยังไม่ถึงเกณฑ์",AR33>0,"ใกล้ถึงเกณฑ์",AR33=0,"ถึงเกณฑ์",AR33<0,"ถึงเกณฑ์นานแล้ว") -> Check Data | AT33: =IF(B33="","",IF(K33="S1","S1",INDEX(#REF!,#REF!))) | AU33: =K33 -> M2 | AV33: =K33=AT33 -> FALSE
A34: 32 | D34: กรมคุมประพฤติ | E34: 01/05/2533 | F34: =IF(E34="","",TEXT(EDATE(E34,-543*12),"dd/mm/yyyy")) -> 01/05/1990 | G34: =IF(F34="",0,DATEDIF(F34,$C$1,"Y")) -> 35 | H34: =IF(F34="",0,DATEDIF(F34,$C$1,"YM")) -> 1 | I34: =IF(F34="",0,DATEDIF(F34,$C$1,"MD")) -> 19 | K34: M2 | L34: =IF(B34="","",IF(K34="S1",K34,INDEX(#REF!,#REF!))) | M34: =K34=L34 -> FALSE | O34: ป.ช. | P34: 2570 | Q34: 19/12/2559 | R34: =TEXT(EDATE(Q34,-543*12),"dd/mm/yyyy") -> 19/12/2016 | S34: =IF(B34="","",IF(K34="S1",K34,INDEX(#REF!,#REF!))) | T34: =Q34=S34 -> FALSE | U34: =IF(R34="",0,DATEDIF(R34,$C$1,"Y")) -> 8 | V34: =IF(R34="",0,DATEDIF(R34,$C$1,"YM")) -> 6 | W34: =IF(R34="",0,DATEDIF(R34,$C$1,"MD")) -> 1 | AA34: =IF(Z34="","",TEXT(EDATE(Z34,-543*12),"dd/mm/yyyy")) | AB34: =IF(AA34="",0,DATEDIF(AA34,R34,"Y")) -> 0 | AC34: =IF(AA34="",0,DATEDIF(AA34,R34,"YM")) -> 0 | AD34: =IF(AA34="",0,DATEDIF(AA34,R34,"MD")) -> 0 | AG34: =IF(AF34="","",TEXT(EDATE(AF34,-543*12),"dd/mm/yyyy")) | AH34: =IF(AG34="",0,DATEDIF(AG34,AA34,"Y")) -> 0 | AI34: =IF(AG34="",0,DATEDIF(AG34,AA34,"YM")) -> 0 | AJ34: =IF(AG34="",0,DATEDIF(AG34,AA34,"MD")) -> 0 | AL34: รัฐประศาสนศาสตรมหาบัณฑิต | AM34: =IF(B34="","",IF(K34="S1",K34,INDEX(#REF!,#REF!))) | AN34: =AL34=AM34 -> FALSE | AO34: =IF(AL34="นิติศาสตร์","K5-LAW","K5-POLICY") -> K5-POLICY | AP34: =_xlfn.IFS(B34="","",AND(AO34="K5-LAW",AL34="นิติศาสตร์",K34="S2",Y34="",AE34=""),R34,AND(AO34="K5-LAW",AL34="นิติศาสตร์",K34="S1",Y34="",AE34=""),EDATE(R34,12),AND(AO34="K5-LAW",AL34="นิติศาสตร์",OR(K34="M2",K34="K4"),Y34="",AE34=""),EDATE(R34,12*2),AND(AO34="K5-LAW",AL34="นิติศาสตร์",OR(AE34="M2",AE34="K4"),AH34>=2,OR(AG34<AA34,AG34<R34)),EDATE(AG34,12*2),AND(AO34="K5-LAW",AL34="นิติศาสตร์",AE34="S1",AH34>=1,OR(AG34<AA34,AG34<R34)),EDATE(AG34,12),AND(AO34="K5-LAW",AL34="นิติศาสตร์",OR(Y34="M2",Y34="K4"),AB34>=2,AA34<R34),EDATE(AA34,12*2),AND(AO34="K5-LAW",AL34="นิติศาสตร์",Y34="S1",AB34>=1,AA34<R34),EDATE(AA34,12),AND(AO34="K5-LAW",AL34="นิติศาสตร์",OR(Y34="S2",Y34="K5")),AA34,AND(AO34="K5-LAW",AL34="นิติศาสตร์",OR(K34="M2",K34="K4"),U34>=2),EDATE(R34,12*2),AND(AO34="K5-LAW",AL34="นิติศาสตร์",K34="S1",U34>=1),EDATE(R34,12),AND(AO34="K5-LAW",AL34="นิติศาสตร์",OR(K34="S2",K34="K5")),R34,AND(AO34="K5-POLICY",AL34<>"นิติศาสตร์",K34="S2",Y34="",AE34=""),R34,AND(AO34="K5-POLICY",AL34<>"นิติศาสตร์",K34="S1",Y34="",AE34=""),EDATE(R34,12),AND(AO34="K5-POLICY",AL34<>"นิติศาสตร์",OR(K34="M2",K34="K4"),Y34="",AE34=""),EDATE(R34,12*2),AND(AO34="K5-POLICY",AL34<>"นิติศาสตร์",OR(AE34="M2",AE34="K4"),AH34>=2,OR(AG34<AA34,AG34<R34)),EDATE(AG34,12*2),AND(AO34="K5-POLICY",AL34<>"นิติศาสตร์",AE34="S1",AH34>=1,OR(AG34<AA34,AG34<R34)),EDATE(AG34,12),AND(AO34="K5-POLICY",AL34<>"นิติศาสตร์",OR(Y34="M2",Y34="K4"),AB34>=2,AA34<R34),EDATE(AA34,12*2),AND(AO34="K5-POLICY",AL34<>"นิติศาสตร์",Y34="S1",AB34>=1,AA34<R34),EDATE(AA34,12),AND(AO34="K5-POLICY",AL34<>"นิติศาสตร์",OR(Y34="S2",Y34="K5")),AA34,AND(AO34="K5-POLICY",AL34<>"นิติศาสตร์",OR(K34="M2",K34="K4"),U34>=2),EDATE(R34,12*2),AND(AO34="K5-POLICY",AL34<>"นิติศาสตร์",K34="S1",U34>=1),EDATE(R34,12),AND(AO34="K5-POLICY",AL34<>"นิติศาสตร์",OR(K34="S2",K34="K5")),R34,TRUE,"Check Data") | AQ34: =IFERROR(TEXT(EDATE(AP34,543*12),"dd/mm/yyyy"),"Check Data") -> Check Data | AR34: =IFERROR(IF($C$1>AP34,AP34-$C$1,DATEDIF($C$1,AP34,"d")),"Check Data") -> Check Data | AS34: =_xlfn.IFS(AR34="Check Data","Check Data",AR34>30,"ยังไม่ถึงเกณฑ์",AR34>0,"ใกล้ถึงเกณฑ์",AR34=0,"ถึงเกณฑ์",AR34<0,"ถึงเกณฑ์นานแล้ว") -> Check Data | AT34: =IF(B34="","",IF(K34="S1","S1",INDEX(#REF!,#REF!))) | AU34: =K34 -> M2 | AV34: =K34=AT34 -> FALSE
A35: 33 | D35: กรมพินิจและคุ้มครองเด็กและเยาวชน | E35: 10/05/2542 | F35: =IF(E35="","",TEXT(EDATE(E35,-543*12),"dd/mm/yyyy")) -> 10/05/1999 | G35: =IF(F35="",0,DATEDIF(F35,$C$1,"Y")) -> 26 | H35: =IF(F35="",0,DATEDIF(F35,$C$1,"YM")) -> 1 | I35: =IF(F35="",0,DATEDIF(F35,$C$1,"MD")) -> 10 | K35: M2 | L35: =IF(B35="","",IF(K35="S1",K35,INDEX(#REF!,#REF!))) | M35: =K35=L35 -> FALSE | O35: ป.ช. | P35: 2573 | Q35: 03/07/2560 | R35: =TEXT(EDATE(Q35,-543*12),"dd/mm/yyyy") -> 03/07/2017 | S35: =IF(B35="","",IF(K35="S1",K35,INDEX(#REF!,#REF!))) | T35: =Q35=S35 -> FALSE | U35: =IF(R35="",0,DATEDIF(R35,$C$1,"Y")) -> 7 | V35: =IF(R35="",0,DATEDIF(R35,$C$1,"YM")) -> 11 | W35: =IF(R35="",0,DATEDIF(R35,$C$1,"MD")) -> 17 | AA35: =IF(Z35="","",TEXT(EDATE(Z35,-543*12),"dd/mm/yyyy")) | AB35: =IF(AA35="",0,DATEDIF(AA35,R35,"Y")) -> 0 | AC35: =IF(AA35="",0,DATEDIF(AA35,R35,"YM")) -> 0 | AD35: =IF(AA35="",0,DATEDIF(AA35,R35,"MD")) -> 0 | AG35: =IF(AF35="","",TEXT(EDATE(AF35,-543*12),"dd/mm/yyyy")) | AH35: =IF(AG35="",0,DATEDIF(AG35,AA35,"Y")) -> 0 | AI35: =IF(AG35="",0,DATEDIF(AG35,AA35,"YM")) -> 0 | AJ35: =IF(AG35="",0,DATEDIF(AG35,AA35,"MD")) -> 0 | AL35: สังคมเคราะห์ศาสตรบัณฑิต / ... | AM35: =IF(B35="","",IF(K35="S1",K35,INDEX(#REF!,#REF!))) | AN35: =AL35=AM35 -> FALSE | AO35: =IF(AL35="นิติศาสตร์","K5-LAW","K5-POLICY") -> K5-POLICY | AP35: =_xlfn.IFS(B35="","",AND(AO35="K5-LAW",AL35="นิติศาสตร์",K35="S2",Y35="",AE35=""),R35,AND(AO35="K5-LAW",AL35="นิติศาสตร์",K35="S1",Y35="",AE35=""),EDATE(R35,12),AND(AO35="K5-LAW",AL35="นิติศาสตร์",OR(K35="M2",K35="K4"),Y35="",AE35=""),EDATE(R35,12*2),AND(AO35="K5-LAW",AL35="นิติศาสตร์",OR(AE35="M2",AE35="K4"),AH35>=2,OR(AG35<AA35,AG35<R35)),EDATE(AG35,12*2),AND(AO35="K5-LAW",AL35="นิติศาสตร์",AE35="S1",AH35>=1,OR(AG35<AA35,AG35<R35)),EDATE(AG35,12),AND(AO35="K5-LAW",AL35="นิติศาสตร์",OR(Y35="M2",Y35="K4"),AB35>=2,AA35<R35),EDATE(AA35,12*2),AND(AO35="K5-LAW",AL35="นิติศาสตร์",Y35="S1",AB35>=1,AA35<R35),EDATE(AA35,12),AND(AO35="K5-LAW",AL35="นิติศาสตร์",OR(Y35="S2",Y35="K5")),AA35,AND(AO35="K5-LAW",AL35="นิติศาสตร์",OR(K35="M2",K35="K4"),U35>=2),EDATE(R35,12*2),AND(AO35="K5-LAW",AL35="นิติศาสตร์",K35="S1",U35>=1),EDATE(R35,12),AND(AO35="K5-LAW",AL35="นิติศาสตร์",OR(K35="S2",K35="K5")),R35,AND(AO35="K5-POLICY",AL35<>"นิติศาสตร์",K35="S2",Y35="",AE35=""),R35,AND(AO35="K5-POLICY",AL35<>"นิติศาสตร์",K35="S1",Y35="",AE35=""),EDATE(R35,12),AND(AO35="K5-POLICY",AL35<>"นิติศาสตร์",OR(K35="M2",K35="K4"),Y35="",AE35=""),EDATE(R35,12*2),AND(AO35="K5-POLICY",AL35<>"นิติศาสตร์",OR(AE35="M2",AE35="K4"),AH35>=2,OR(AG35<AA35,AG35<R35)),EDATE(AG35,12*2),AND(AO35="K5-POLICY",AL35<>"นิติศาสตร์",AE35="S1",AH35>=1,OR(AG35<AA35,AG35<R35)),EDATE(AG35,12),AND(AO35="K5-POLICY",AL35<>"นิติศาสตร์",OR(Y35="M2",Y35="K4"),AB35>=2,AA35<R35),EDATE(AA35,12*2),AND(AO35="K5-POLICY",AL35<>"นิติศาสตร์",Y35="S1",AB35>=1,AA35<R35),EDATE(AA35,12),AND(AO35="K5-POLICY",AL35<>"นิติศาสตร์",OR(Y35="S2",Y35="K5")),AA35,AND(AO35="K5-POLICY",AL35<>"นิติศาสตร์",OR(K35="M2",K35="K4"),U35>=2),EDATE(R35,12*2),AND(AO35="K5-POLICY",AL35<>"นิติศาสตร์",K35="S1",U35>=1),EDATE(R35,12),AND(AO35="K5-POLICY",AL35<>"นิติศาสตร์",OR(K35="S2",K35="K5")),R35,TRUE,"Check Data") | AQ35: =IFERROR(TEXT(EDATE(AP35,543*12),"dd/mm/yyyy"),"Check Data") -> Check Data | AR35: =IFERROR(IF($C$1>AP35,AP35-$C$1,DATEDIF($C$1,AP35,"d")),"Check Data") -> Check Data | AS35: =_xlfn.IFS(AR35="Check Data","Check Data",AR35>30,"ยังไม่ถึงเกณฑ์",AR35>0,"ใกล้ถึงเกณฑ์",AR35=0,"ถึงเกณฑ์",AR35<0,"ถึงเกณฑ์นานแล้ว") -> Check Data | AT35: =IF(B35="","",IF(K35="S1","S1",INDEX(#REF!,#REF!))) | AU35: =K35 -> M2 | AV35: =K35=AT35 -> FALSE
A36: 34 | D36: กรมราชทัณฑ์ | E36: 03/06/2534 | F36: =IF(E36="","",TEXT(EDATE(E36,-543*12),"dd/mm/yyyy")) -> 03/06/1991 | G36: =IF(F36="",0,DATEDIF(F36,$C$1,"Y")) -> 34 | H36: =IF(F36="",0,DATEDIF(F36,$C$1,"YM")) -> 0 | I36: =IF(F36="",0,DATEDIF(F36,$C$1,"MD")) -> 17 | K36: M2 | L36: =IF(B36="","",IF(K36="S1",K36,INDEX(#REF!,#REF!))) | M36: =K36=L36 -> FALSE | O36: ป.ช. | P36: 2569 | Q36: 11/09/2560 | R36: =TEXT(EDATE(Q36,-543*12),"dd/mm/yyyy") -> 11/09/2017 | S36: =IF(B36="","",IF(K36="S1",K36,INDEX(#REF!,#REF!))) | T36: =Q36=S36 -> FALSE | U36: =IF(R36="",0,DATEDIF(R36,$C$1,"Y")) -> 7 | V36: =IF(R36="",0,DATEDIF(R36,$C$1,"YM")) -> 9 | W36: =IF(R36="",0,DATEDIF(R36,$C$1,"MD")) -> 9 | AA36: =IF(Z36="","",TEXT(EDATE(Z36,-543*12),"dd/mm/yyyy")) | AB36: =IF(AA36="",0,DATEDIF(AA36,R36,"Y")) -> 0 | AC36: =IF(AA36="",0,DATEDIF(AA36,R36,"YM")) -> 0 | AD36: =IF(AA36="",0,DATEDIF(AA36,R36,"MD")) -> 0 | AG36: =IF(AF36="","",TEXT(EDATE(AF36,-543*12),"dd/mm/yyyy")) | AH36: =IF(AG36="",0,DATEDIF(AG36,AA36,"Y")) -> 0 | AI36: =IF(AG36="",0,DATEDIF(AG36,AA36,"YM")) -> 0 | AJ36: =IF(AG36="",0,DATEDIF(AG36,AA36,"MD")) -> 0 | AL36: เศรษฐศาสตรบัณฑิต | AM36: =IF(B36="","",IF(K36="S1",K36,INDEX(#REF!,#REF!))) | AN36: =AL36=AM36 -> FALSE | AO36: =IF(AL36="นิติศาสตร์","K5-LAW","K5-POLICY") -> K5-POLICY | AP36: =_xlfn.IFS(B36="","",AND(AO36="K5-LAW",AL36="นิติศาสตร์",K36="S2",Y36="",AE36=""),R36,AND(AO36="K5-LAW",AL36="นิติศาสตร์",K36="S1",Y36="",AE36=""),EDATE(R36,12),AND(AO36="K5-LAW",AL36="นิติศาสตร์",OR(K36="M2",K36="K4"),Y36="",AE36=""),EDATE(R36,12*2),AND(AO36="K5-LAW",AL36="นิติศาสตร์",OR(AE36="M2",AE36="K4"),AH36>=2,OR(AG36<AA36,AG36<R36)),EDATE(AG36,12*2),AND(AO36="K5-LAW",AL36="นิติศาสตร์",AE36="S1",AH36>=1,OR(AG36<AA36,AG36<R36)),EDATE(AG36,12),AND(AO36="K5-LAW",AL36="นิติศาสตร์",OR(Y36="M2",Y36="K4"),AB36>=2,AA36<R36),EDATE(AA36,12*2),AND(AO36="K5-LAW",AL36="นิติศาสตร์",Y36="S1",AB36>=1,AA36<R36),EDATE(AA36,12),AND(AO36="K5-LAW",AL36="นิติศาสตร์",OR(Y36="S2",Y36="K5")),AA36,AND(AO36="K5-LAW",AL36="นิติศาสตร์",OR(K36="M2",K36="K4"),U36>=2),EDATE(R36,12*2),AND(AO36="K5-LAW",AL36="นิติศาสตร์",K36="S1",U36>=1),EDATE(R36,12),AND(AO36="K5-LAW",AL36="นิติศาสตร์",OR(K36="S2",K36="K5")),R36,AND(AO36="K5-POLICY",AL36<>"นิติศาสตร์",K36="S2",Y36="",AE36=""),R36,AND(AO36="K5-POLICY",AL36<>"นิติศาสตร์",K36="S1",Y36="",AE36=""),EDATE(R36,12),AND(AO36="K5-POLICY",AL36<>"นิติศาสตร์",OR(K36="M2",K36="K4"),Y36="",AE36=""),EDATE(R36,12*2),AND(AO36="K5-POLICY",AL36<>"นิติศาสตร์",OR(AE36="M2",AE36="K4"),AH36>=2,OR(AG36<AA36,AG36<R36)),EDATE(AG36,12*2),AND(AO36="K5-POLICY",AL36<>"นิติศาสตร์",AE36="S1",AH36>=1,OR(AG36<AA36,AG36<R36)),EDATE(AG36,12),AND(AO36="K5-POLICY",AL36<>"นิติศาสตร์",OR(Y36="M2",Y36="K4"),AB36>=2,AA36<R36),EDATE(AA36,12*2),AND(AO36="K5-POLICY",AL36<>"นิติศาสตร์",Y36="S1",AB36>=1,AA36<R36),EDATE(AA36,12),AND(AO36="K5-POLICY",AL36<>"นิติศาสตร์",OR(Y36="S2",Y36="K5")),AA36,AND(AO36="K5-POLICY",AL36<>"นิติศาสตร์",OR(K36="M2",K36="K4"),U36>=2),EDATE(R36,12*2),AND(AO36="K5-POLICY",AL36<>"นิติศาสตร์",K36="S1",U36>=1),EDATE(R36,12),AND(AO36="K5-POLICY",AL36<>"นิติศาสตร์",OR(K36="S2",K36="K5")),R36,TRUE,"Check Data") | AQ36: =IFERROR(TEXT(EDATE(AP36,543*12),"dd/mm/yyyy"),"Check Data") -> Check Data | AR36: =IFERROR(IF($C$1>AP36,AP36-$C$1,DATEDIF($C$1,AP36,"d")),"Check Data") -> Check Data | AS36: =_xlfn.IFS(AR36="Check Data","Check Data",AR36>30,"ยังไม่ถึงเกณฑ์",AR36>0,"ใกล้ถึงเกณฑ์",AR36=0,"ถึงเกณฑ์",AR36<0,"ถึงเกณฑ์นานแล้ว") -> Check Data | AT36: =IF(B36="","",IF(K36="S1","S1",INDEX(#REF!,#REF!))) | AU36: =K36 -> M2 | AV36: =K36=AT36 -> FALSE
A37: 35 | D37: กรมราชทัณฑ์ | E37: 01/02/2533 | F37: =IF(E37="","",TEXT(EDATE(E37,-543*12),"dd/mm/yyyy")) -> 01/02/1990 | G37: =IF(F37="",0,DATEDIF(F37,$C$1,"Y")) -> 35 | H37: =IF(F37="",0,DATEDIF(F37,$C$1,"YM")) -> 4 | I37: =IF(F37="",0,DATEDIF(F37,$C$1,"MD")) -> 19 | K37: M2 | L37: =IF(B37="","",IF(K37="S1",K37,INDEX(#REF!,#REF!))) | M37: =K37=L37 -> FALSE | O37: ป.ช. | P37: 2569 | Q37: 16/01/2561 | R37: =TEXT(EDATE(Q37,-543*12),"dd/mm/yyyy") -> 16/01/2018 | S37: =IF(B37="","",IF(K37="S1",K37,INDEX(#REF!,#REF!))) | T37: =Q37=S37 -> FALSE | U37: =IF(R37="",0,DATEDIF(R37,$C$1,"Y")) -> 7 | V37: =IF(R37="",0,DATEDIF(R37,$C$1,"YM")) -> 5 | W37: =IF(R37="",0,DATEDIF(R37,$C$1,"MD")) -> 4 | AA37: =IF(Z37="","",TEXT(EDATE(Z37,-543*12),"dd/mm/yyyy")) | AB37: =IF(AA37="",0,DATEDIF(AA37,R37,"Y")) -> 0 | AC37: =IF(AA37="",0,DATEDIF(AA37,R37,"YM")) -> 0 | AD37: =IF(AA37="",0,DATEDIF(AA37,R37,"MD")) -> 0 | AG37: =IF(AF37="","",TEXT(EDATE(AF37,-543*12),"dd/mm/yyyy")) | AH37: =IF(AG37="",0,DATEDIF(AG37,AA37,"Y")) -> 0 | AI37: =IF(AG37="",0,DATEDIF(AG37,AA37,"YM")) -> 0 | AJ37: =IF(AG37="",0,DATEDIF(AG37,AA37,"MD")) -> 0 | AL37: การศึกษามหาบัณฑิต | AM37: =IF(B37="","",IF(K37="S1",K37,INDEX(#REF!,#REF!))) | AN37: =AL37=AM37 -> FALSE | AO37: =IF(AL37="นิติศาสตร์","K5-LAW","K5-POLICY") -> K5-POLICY | AP37: =_xlfn.IFS(B37="","",AND(AO37="K5-LAW",AL37="นิติศาสตร์",K37="S2",Y37="",AE37=""),R37,AND(AO37="K5-LAW",AL37="นิติศาสตร์",K37="S1",Y37="",AE37=""),EDATE(R37,12),AND(AO37="K5-LAW",AL37="นิติศาสตร์",OR(K37="M2",K37="K4"),Y37="",AE37=""),EDATE(R37,12*2),AND(AO37="K5-LAW",AL37="นิติศาสตร์",OR(AE37="M2",AE37="K4"),AH37>=2,OR(AG37<AA37,AG37<R37)),EDATE(AG37,12*2),AND(AO37="K5-LAW",AL37="นิติศาสตร์",AE37="S1",AH37>=1,OR(AG37<AA37,AG37<R37)),EDATE(AG37,12),AND(AO37="K5-LAW",AL37="นิติศาสตร์",OR(Y37="M2",Y37="K4"),AB37>=2,AA37<R37),EDATE(AA37,12*2),AND(AO37="K5-LAW",AL37="นิติศาสตร์",Y37="S1",AB37>=1,AA37<R37),EDATE(AA37,12),AND(AO37="K5-LAW",AL37="นิติศาสตร์",OR(Y37="S2",Y37="K5")),AA37,AND(AO37="K5-LAW",AL37="นิติศาสตร์",OR(K37="M2",K37="K4"),U37>=2),EDATE(R37,12*2),AND(AO37="K5-LAW",AL37="นิติศาสตร์",K37="S1",U37>=1),EDATE(R37,12),AND(AO37="K5-LAW",AL37="นิติศาสตร์",OR(K37="S2",K37="K5")),R37,AND(AO37="K5-POLICY",AL37<>"นิติศาสตร์",K37="S2",Y37="",AE37=""),R37,AND(AO37="K5-POLICY",AL37<>"นิติศาสตร์",K37="S1",Y37="",AE37=""),EDATE(R37,12),AND(AO37="K5-POLICY",AL37<>"นิติศาสตร์",OR(K37="M2",K37="K4"),Y37="",AE37=""),EDATE(R37,12*2),AND(AO37="K5-POLICY",AL37<>"นิติศาสตร์",OR(AE37="M2",AE37="K4"),AH37>=2,OR(AG37<AA37,AG37<R37)),EDATE(AG37,12*2),AND(AO37="K5-POLICY",AL37<>"นิติศาสตร์",AE37="S1",AH37>=1,OR(AG37<AA37,AG37<R37)),EDATE(AG37,12),AND(AO37="K5-POLICY",AL37<>"นิติศาสตร์",OR(Y37="M2",Y37="K4"),AB37>=2,AA37<R37),EDATE(AA37,12*2),AND(AO37="K5-POLICY",AL37<>"นิติศาสตร์",Y37="S1",AB37>=1,AA37<R37),EDATE(AA37,12),AND(AO37="K5-POLICY",AL37<>"นิติศาสตร์",OR(Y37="S2",Y37="K5")),AA37,AND(AO37="K5-POLICY",AL37<>"นิติศาสตร์",OR(K37="M2",K37="K4"),U37>=2),EDATE(R37,12*2),AND(AO37="K5-POLICY",AL37<>"นิติศาสตร์",K37="S1",U37>=1),EDATE(R37,12),AND(AO37="K5-POLICY",AL37<>"นิติศาสตร์",OR(K37="S2",K37="K5")),R37,TRUE,"Check Data") | AQ37: =IFERROR(TEXT(EDATE(AP37,543*12),"dd/mm/yyyy"),"Check Data") -> Check Data | AR37: =IFERROR(IF($C$1>AP37,AP37-$C$1,DATEDIF($C$1,AP37,"d")),"Check Data") -> Check Data | AS37: =_xlfn.IFS(AR37="Check Data","Check Data",AR37>30,"ยังไม่ถึงเกณฑ์",AR37>0,"ใกล้ถึงเกณฑ์",AR37=0,"ถึงเกณฑ์",AR37<0,"ถึงเกณฑ์นานแล้ว") -> Check Data | AT37: =IF(B37="","",IF(K37="S1","S1",INDEX(#REF!,#REF!))) | AU37: =K37 -> M2 | AV37: =K37=AT37 -> FALSE
A38: 36 | D38: กรมบังคับคดี | E38: 03/01/2538 | F38: =IF(E38="","",TEXT(EDATE(E38,-543*12),"dd/mm/yyyy")) -> 03/01/1995 | G38: =IF(F38="",0,DATEDIF(F38,$C$1,"Y")) -> 30 | H38: =IF(F38="",0,DATEDIF(F38,$C$1,"YM")) -> 5 | I38: =IF(F38="",0,DATEDIF(F38,$C$1,"MD")) -> 17 | K38: M2 | L38: =IF(B38="","",IF(K38="S1",K38,INDEX(#REF!,#REF!))) | M38: =K38=L38 -> FALSE | O38: ป.ช. | P38: 2573 | Q38: 20/04/2561 | R38: =TEXT(EDATE(Q38,-543*12),"dd/mm/yyyy") -> 20/04/2018 | S38: =IF(B38="","",IF(K38="S1",K38,INDEX(#REF!,#REF!))) | T38: =Q38=S38 -> FALSE | U38: =IF(R38="",0,DATEDIF(R38,$C$1,"Y")) -> 7 | V38: =IF(R38="",0,DATEDIF(R38,$C$1,"YM")) -> 2 | W38: =IF(R38="",0,DATEDIF(R38,$C$1,"MD")) -> 0 | AA38: =IF(Z38="","",TEXT(EDATE(Z38,-543*12),"dd/mm/yyyy")) | AB38: =IF(AA38="",0,DATEDIF(AA38,R38,"Y")) -> 0 | AC38: =IF(AA38="",0,DATEDIF(AA38,R38,"YM")) -> 0 | AD38: =IF(AA38="",0,DATEDIF(AA38,R38,"MD")) -> 0 | AG38: =IF(AF38="","",TEXT(EDATE(AF38,-543*12),"dd/mm/yyyy")) | AH38: =IF(AG38="",0,DATEDIF(AG38,AA38,"Y")) -> 0 | AI38: =IF(AG38="",0,DATEDIF(AG38,AA38,"YM")) -> 0 | AJ38: =IF(AG38="",0,DATEDIF(AG38,AA38,"MD")) -> 0 | AL38: นิติศาสตร์ | AM38: =IF(B38="","",IF(K38="S1",K38,INDEX(#REF!,#REF!))) | AN38: =AL38=AM38 -> FALSE | AO38: =IF(AL38="นิติศาสตร์","K5-LAW","K5-POLICY") -> K5-LAW | AP38: =_xlfn.IFS(B38="","",AND(AO38="K5-LAW",AL38="นิติศาสตร์",K38="S2",Y38="",AE38=""),R38,AND(AO38="K5-LAW",AL38="นิติศาสตร์",K38="S1",Y38="",AE38=""),EDATE(R38,12),AND(AO38="K5-LAW",AL38="นิติศาสตร์",OR(K38="M2",K38="K4"),Y38="",AE38=""),EDATE(R38,12*2),AND(AO38="K5-LAW",AL38="นิติศาสตร์",OR(AE38="M2",AE38="K4"),AH38>=2,OR(AG38<AA38,AG38<R38)),EDATE(AG38,12*2),AND(AO38="K5-LAW",AL38="นิติศาสตร์",AE38="S1",AH38>=1,OR(AG38<AA38,AG38<R38)),EDATE(AG38,12),AND(AO38="K5-LAW",AL38="นิติศาสตร์",OR(Y38="M2",Y38="K4"),AB38>=2,AA38<R38),EDATE(AA38,12*2),AND(AO38="K5-LAW",AL38="นิติศาสตร์",Y38="S1",AB38>=1,AA38<R38),EDATE(AA38,12),AND(AO38="K5-LAW",AL38="นิติศาสตร์",OR(Y38="S2",Y38="K5")),AA38,AND(AO38="K5-LAW",AL38="นิติศาสตร์",OR(K38="M2",K38="K4"),U38>=2),EDATE(R38,12*2),AND(AO38="K5-LAW",AL38="นิติศาสตร์",K38="S1",U38>=1),EDATE(R38,12),AND(AO38="K5-LAW",AL38="นิติศาสตร์",OR(K38="S2",K38="K5")),R38,AND(AO38="K5-POLICY",AL38<>"นิติศาสตร์",K38="S2",Y38="",AE38=""),R38,AND(AO38="K5-POLICY",AL38<>"นิติศาสตร์",K38="S1",Y38="",AE38=""),EDATE(R38,12),AND(AO38="K5-POLICY",AL38<>"นิติศาสตร์",OR(K38="M2",K38="K4"),Y38="",AE38=""),EDATE(R38,12*2),AND(AO38="K5-POLICY",AL38<>"นิติศาสตร์",OR(AE38="M2",AE38="K4"),AH38>=2,OR(AG38<AA38,AG38<R38)),EDATE(AG38,12*2),AND(AO38="K5-POLICY",AL38<>"นิติศาสตร์",AE38="S1",AH38>=1,OR(AG38<AA38,AG38<R38)),EDATE(AG38,12),AND(AO38="K5-POLICY",AL38<>"นิติศาสตร์",OR(Y38="M2",Y38="K4"),AB38>=2,AA38<R38),EDATE(AA38,12*2),AND(AO38="K5-POLICY",AL38<>"นิติศาสตร์",Y38="S1",AB38>=1,AA38<R38),EDATE(AA38,12),AND(AO38="K5-POLICY",AL38<>"นิติศาสตร์",OR(Y38="S2",Y38="K5")),AA38,AND(AO38="K5-POLICY",AL38<>"นิติศาสตร์",OR(K38="M2",K38="K4"),U38>=2),EDATE(R38,12*2),AND(AO38="K5-POLICY",AL38<>"นิติศาสตร์",K38="S1",U38>=1),EDATE(R38,12),AND(AO38="K5-POLICY",AL38<>"นิติศาสตร์",OR(K38="S2",K38="K5")),R38,TRUE,"Check Data") | AQ38: =IFERROR(TEXT(EDATE(AP38,543*12),"dd/mm/yyyy"),"Check Data") -> Check Data | AR38: =IFERROR(IF($C$1>AP38,AP38-$C$1,DATEDIF($C$1,AP38,"d")),"Check Data") -> Check Data | AS38: =_xlfn.IFS(AR38="Check Data","Check Data",AR38>30,"ยังไม่ถึงเกณฑ์",AR38>0,"ใกล้ถึงเกณฑ์",AR38=0,"ถึงเกณฑ์",AR38<0,"ถึงเกณฑ์นานแล้ว") -> Check Data | AT38: =IF(B38="","",IF(K38="S1","S1",INDEX(#REF!,#REF!))) | AU38: =K38 -> M2 | AV38: =K38=AT38 -> FALSE
A39: 37 | D39: กรมคุมประพฤติ | E39: 01/02/2533 | F39: =IF(E39="","",TEXT(EDATE(E39,-543*12),"dd/mm/yyyy")) -> 01/02/1990 | G39: =IF(F39="",0,DATEDIF(F39,$C$1,"Y")) -> 35 | H39: =IF(F39="",0,DATEDIF(F39,$C$1,"YM")) -> 4 | I39: =IF(F39="",0,DATEDIF(F39,$C$1,"MD")) -> 19 | K39: M2 | L39: =IF(B39="","",IF(K39="S1",K39,INDEX(#REF!,#REF!))) | M39: =K39=L39 -> FALSE | O39: ป.ช. | P39: 2569 | Q39: 18/06/2561 | R39: =TEXT(EDATE(Q39,-543*12),"dd/mm/yyyy") -> 18/06/2018 | S39: =IF(B39="","",IF(K39="S1",K39,INDEX(#REF!,#REF!))) | T39: =Q39=S39 -> FALSE | U39: =IF(R39="",0,DATEDIF(R39,$C$1,"Y")) -> 7 | V39: =IF(R39="",0,DATEDIF(R39,$C$1,"YM")) -> 0 | W39: =IF(R39="",0,DATEDIF(R39,$C$1,"MD")) -> 2 | AA39: =IF(Z39="","",TEXT(EDATE(Z39,-543*12),"dd/mm/yyyy")) | AB39: =IF(AA39="",0,DATEDIF(AA39,R39,"Y")) -> 0 | AC39: =IF(AA39="",0,DATEDIF(AA39,R39,"YM")) -> 0 | AD39: =IF(AA39="",0,DATEDIF(AA39,R39,"MD")) -> 0 | AG39: =IF(AF39="","",TEXT(EDATE(AF39,-543*12),"dd/mm/yyyy")) | AH39: =IF(AG39="",0,DATEDIF(AG39,AA39,"Y")) -> 0 | AI39: =IF(AG39="",0,DATEDIF(AG39,AA39,"YM")) -> 0 | AJ39: =IF(AG39="",0,DATEDIF(AG39,AA39,"MD")) -> 0 | AL39: ศิลปศาสตรบัณฑิต | AM39: =IF(B39="","",IF(K39="S1",K39,INDEX(#REF!,#REF!))) | AN39: =AL39=AM39 -> FALSE | AO39: =IF(AL39="นิติศาสตร์","K5-LAW","K5-POLICY") -> K5-POLICY | AP39: =_xlfn.IFS(B39="","",AND(AO39="K5-LAW",AL39="นิติศาสตร์",K39="S2",Y39="",AE39=""),R39,AND(AO39="K5-LAW",AL39="นิติศาสตร์",K39="S1",Y39="",AE39=""),EDATE(R39,12),AND(AO39="K5-LAW",AL39="นิติศาสตร์",OR(K39="M2",K39="K4"),Y39="",AE39=""),EDATE(R39,12*2),AND(AO39="K5-LAW",AL39="นิติศาสตร์",OR(AE39="M2",AE39="K4"),AH39>=2,OR(AG39<AA39,AG39<R39)),EDATE(AG39,12*2),AND(AO39="K5-LAW",AL39="นิติศาสตร์",AE39="S1",AH39>=1,OR(AG39<AA39,AG39<R39)),EDATE(AG39,12),AND(AO39="K5-LAW",AL39="นิติศาสตร์",OR(Y39="M2",Y39="K4"),AB39>=2,AA39<R39),EDATE(AA39,12*2),AND(AO39="K5-LAW",AL39="นิติศาสตร์",Y39="S1",AB39>=1,AA39<R39),EDATE(AA39,12),AND(AO39="K5-LAW",AL39="นิติศาสตร์",OR(Y39="S2",Y39="K5")),AA39,AND(AO39="K5-LAW",AL39="นิติศาสตร์",OR(K39="M2",K39="K4"),U39>=2),EDATE(R39,12*2),AND(AO39="K5-LAW",AL39="นิติศาสตร์",K39="S1",U39>=1),EDATE(R39,12),AND(AO39="K5-LAW",AL39="นิติศาสตร์",OR(K39="S2",K39="K5")),R39,AND(AO39="K5-POLICY",AL39<>"นิติศาสตร์",K39="S2",Y39="",AE39=""),R39,AND(AO39="K5-POLICY",AL39<>"นิติศาสตร์",K39="S1",Y39="",AE39=""),EDATE(R39,12),AND(AO39="K5-POLICY",AL39<>"นิติศาสตร์",OR(K39="M2",K39="K4"),Y39="",AE39=""),EDATE(R39,12*2),AND(AO39="K5-POLICY",AL39<>"นิติศาสตร์",OR(AE39="M2",AE39="K4"),AH39>=2,OR(AG39<AA39,AG39<R39)),EDATE(AG39,12*2),AND(AO39="K5-POLICY",AL39<>"นิติศาสตร์",AE39="S1",AH39>=1,OR(AG39<AA39,AG39<R39)),EDATE(AG39,12),AND(AO39="K5-POLICY",AL39<>"นิติศาสตร์",OR(Y39="M2",Y39="K4"),AB39>=2,AA39<R39),EDATE(AA39,12*2),AND(AO39="K5-POLICY",AL39<>"นิติศาสตร์",Y39="S1",AB39>=1,AA39<R39),EDATE(AA39,12),AND(AO39="K5-POLICY",AL39<>"นิติศาสตร์",OR(Y39="S2",Y39="K5")),AA39,AND(AO39="K5-POLICY",AL39<>"นิติศาสตร์",OR(K39="M2",K39="K4"),U39>=2),EDATE(R39,12*2),AND(AO39="K5-POLICY",AL39<>"นิติศาสตร์",K39="S1",U39>=1),EDATE(R39,12),AND(AO39="K5-POLICY",AL39<>"นิติศาสตร์",OR(K39="S2",K39="K5")),R39,TRUE,"Check Data") | AQ39: =IFERROR(TEXT(EDATE(AP39,543*12),"dd/mm/yyyy"),"Check Data") -> Check Data | AR39: =IFERROR(IF($C$1>AP39,AP39-$C$1,DATEDIF($C$1,AP39,"d")),"Check Data") -> Check Data | AS39: =_xlfn.IFS(AR39="Check Data","Check Data",AR39>30,"ยังไม่ถึงเกณฑ์",AR39>0,"ใกล้ถึงเกณฑ์",AR39=0,"ถึงเกณฑ์",AR39<0,"ถึงเกณฑ์นานแล้ว") -> Check Data | AT39: =IF(B39="","",IF(K39="S1","S1",INDEX(#REF!,#REF!))) | AU39: =K39 -> M2 | AV39: =K39=AT39 -> FALSE
... A183: 181 | D183: กรมราชทัณฑ์ | E183: 30/08/2545 | F183: =IF(E183="","",TEXT(EDATE(E183,-543*12),"dd/mm/yyyy")) -> 30/08/2002 | G183: =IF(F183="",0,DATEDIF(F183,$C$1,"Y")) -> 22 | H183: =IF(F183="",0,DATEDIF(F183,$C$1,"YM")) -> 9 | I183: =IF(F183="",0,DATEDIF(F183,$C$1,"MD")) -> 21 | K183: M2 | L183: =IF(B183="","",IF(K183="S1",K183,INDEX(#REF!,#REF!))) | M183: =K183=L183 -> FALSE | O183: ป.ม. | P183: 2577 | Q183: 18/05/2566 | R183: =TEXT(EDATE(Q183,-543*12),"dd/mm/yyyy") -> 18/05/2023 | S183: =IF(B183="","",IF(K183="S1",K183,INDEX(#REF!,#REF!))) | T183: =Q183=S183 -> FALSE | U183: =IF(R183="",0,DATEDIF(R183,$C$1,"Y")) -> 2 | V183: =IF(R183="",0,DATEDIF(R183,$C$1,"YM")) -> 1 | W183: =IF(R183="",0,DATEDIF(R183,$C$1,"MD")) -> 2 | AA183: =IF(Z183="","",TEXT(EDATE(Z183,-543*12),"dd/mm/yyyy")) | AB183: =IF(AA183="",0,DATEDIF(AA183,R183,"Y")) -> 0 | AC183: =IF(AA183="",0,DATEDIF(AA183,R183,"YM")) -> 0 | AD183: =IF(AA183="",0,DATEDIF(AA183,R183,"MD")) -> 0 | AG183: =IF(AF183="","",TEXT(EDATE(AF183,-543*12),"dd/mm/yyyy")) | AH183: =IF(AG183="",0,DATEDIF(AG183,AA183,"Y")) -> 0 | AI183: =IF(AG183="",0,DATEDIF(AG183,AA183,"YM")) -> 0 | AJ183: =IF(AG183="",0,DATEDIF(AG183,AA183,"MD")) -> 0 | AL183: นิติศาสตร์ | AM183: =IF(B183="","",IF(K183="S1",K183,INDEX(#REF!,#REF!))) | AN183: =AL183=AM183 -> FALSE | AO183: =IF(AL183="นิติศาสตร์","K5-LAW","K5-POLICY") -> K5-LAW | AP183: =_xlfn.IFS(B183="","",AND(AO183="K5-LAW",AL183="นิติศาสตร์",K183="S2",Y183="",AE183=""),R183,AND(AO183="K5-LAW",AL183="นิติศาสตร์",K183="S1",Y183="",AE183=""),EDATE(R183,12),AND(AO183="K5-LAW",AL183="นิติศาสตร์",OR(K183="M2",K183="K4"),Y183="",AE183=""),EDATE(R183,12*2),AND(AO183="K5-LAW",AL183="นิติศาสตร์",OR(AE183="M2",AE183="K4"),AH183>=2,OR(AG183<AA183,AG183<R183)),EDATE(AG183,12*2),AND(AO183="K5-LAW",AL183="นิติศาสตร์",AE183="S1",AH183>=1,OR(AG183<AA183,AG183<R183)),EDATE(AG183,12),AND(AO183="K5-LAW",AL183="นิติศาสตร์",OR(Y183="M2",Y183="K4"),AB183>=2,AA183<R183),EDATE(AA183,12*2),AND(AO183="K5-LAW",AL183="นิติศาสตร์",Y183="S1",AB183>=1,AA183<R183),EDATE(AA183,12),AND(AO183="K5-LAW",AL183="นิติศาสตร์",OR(Y183="S2",Y183="K5")),AA183,AND(AO183="K5-LAW",AL183="นิติศาสตร์",OR(K183="M2",K183="K4"),U183>=2),EDATE(R183,12*2),AND(AO183="K5-LAW",AL183="นิติศาสตร์",K183="S1",U183>=1),EDATE(R183,12),AND(AO183="K5-LAW",AL183="นิติศาสตร์",OR(K183="S2",K183="K5")),R183,AND(AO183="K5-POLICY",AL183<>"นิติศาสตร์",K183="S2",Y183="",AE183=""),R183,AND(AO183="K5-POLICY",AL183<>"นิติศาสตร์",K183="S1",Y183="",AE183=""),EDATE(R183,12),AND(AO183="K5-POLICY",AL183<>"นิติศาสตร์",OR(K183="M2",K183="K4"),Y183="",AE183=""),EDATE(R183,12*2),AND(AO183="K5-POLICY",AL183<>"นิติศาสตร์",OR(AE183="M2",AE183="K4"),AH183>=2,OR(AG183<AA183,AG183<R183)),EDATE(AG183,12*2),AND(AO183="K5-POLICY",AL183<>"นิติศาสตร์",AE183="S1",AH183>=1,OR(AG183<AA183,AG183<R183)),EDATE(AG183,12),AND(AO183="K5-POLICY",AL183<>"นิติศาสตร์",OR(Y183="M2",Y183="K4"),AB183>=2,AA183<R183),EDATE(AA183,12*2),AND(AO183="K5-POLICY",AL183<>"นิติศาสตร์",Y183="S1",AB183>=1,AA183<R183),EDATE(AA183,12),AND(AO183="K5-POLICY",AL183<>"นิติศาสตร์",OR(Y183="S2",Y183="K5")),AA183,AND(AO183="K5-POLICY",AL183<>"นิติศาสตร์",OR(K183="M2",K183="K4"),U183>=2),EDATE(R183,12*2),AND(AO183="K5-POLICY",AL183<>"นิติศาสตร์",K183="S1",U183>=1),EDATE(R183,12),AND(AO183="K5-POLICY",AL183<>"นิติศาสตร์",OR(K183="S2",K183="K5")),R183,TRUE,"Check Data") | AQ183: =IFERROR(TEXT(EDATE(AP183,543*12),"dd/mm/yyyy"),"Check Data") -> Check Data | AR183: =IFERROR(IF($C$1>AP183,AP183-$C$1,DATEDIF($C$1,AP183,"d")),"Check Data") -> Check Data | AS183: =_xlfn.IFS(AR183="Check Data","Check Data",AR183>30,"ยังไม่ถึงเกณฑ์",AR183>0,"ใกล้ถึงเกณฑ์",AR183=0,"ถึงเกณฑ์",AR183<0,"ถึงเกณฑ์นานแล้ว") -> Check Data | AT183: =IF(B183="","",IF(K183="S1","S1",INDEX(#REF!,#REF!))) | AU183: =K183 -> M2 | AV183: =K183=AT183 -> FALSE
A184: 182 | D184: กรมสอบสวนคดีพิเศษ | E184: 01/05/2533 | F184: =IF(E184="","",TEXT(EDATE(E184,-543*12),"dd/mm/yyyy")) -> 01/05/1990 | G184: =IF(F184="",0,DATEDIF(F184,$C$1,"Y")) -> 35 | H184: =IF(F184="",0,DATEDIF(F184,$C$1,"YM")) -> 1 | I184: =IF(F184="",0,DATEDIF(F184,$C$1,"MD")) -> 19 | K184: M2 | L184: =IF(B184="","",IF(K184="S1",K184,INDEX(#REF!,#REF!))) | M184: =K184=L184 -> FALSE | O184: ป.ช. | P184: 2573 | Q184: 09/06/2566 | R184: =TEXT(EDATE(Q184,-543*12),"dd/mm/yyyy") -> 09/06/2023 | S184: =IF(B184="","",IF(K184="S1",K184,INDEX(#REF!,#REF!))) | T184: =Q184=S184 -> FALSE | U184: =IF(R184="",0,DATEDIF(R184,$C$1,"Y")) -> 2 | V184: =IF(R184="",0,DATEDIF(R184,$C$1,"YM")) -> 0 | W184: =IF(R184="",0,DATEDIF(R184,$C$1,"MD")) -> 11 | Y184: K4 | Z184: 11/11/2558 | AA184: =IF(Z184="","",TEXT(EDATE(Z184,-543*12),"dd/mm/yyyy")) -> 11/11/2015 | AB184: =IF(AA184="",0,DATEDIF(AA184,R184,"Y")) -> 7 | AC184: =IF(AA184="",0,DATEDIF(AA184,R184,"YM")) -> 6 | AD184: =IF(AA184="",0,DATEDIF(AA184,R184,"MD")) -> 29 | AG184: =IF(AF184="","",TEXT(EDATE(AF184,-543*12),"dd/mm/yyyy")) | AH184: =IF(AG184="",0,DATEDIF(AG184,AA184,"Y")) -> 0 | AI184: =IF(AG184="",0,DATEDIF(AG184,AA184,"YM")) -> 0 | AJ184: =IF(AG184="",0,DATEDIF(AG184,AA184,"MD")) -> 0 | AL184: รัฐประศาสนศาสตรบัณฑิต | AM184: =IF(B184="","",IF(K184="S1",K184,INDEX(#REF!,#REF!))) | AN184: =AL184=AM184 -> FALSE | AO184: =IF(AL184="นิติศาสตร์","K5-LAW","K5-POLICY") -> K5-POLICY | AP184: =_xlfn.IFS(B184="","",AND(AO184="K5-LAW",AL184="นิติศาสตร์",K184="S2",Y184="",AE184=""),R184,AND(AO184="K5-LAW",AL184="นิติศาสตร์",K184="S1",Y184="",AE184=""),EDATE(R184,12),AND(AO184="K5-LAW",AL184="นิติศาสตร์",OR(K184="M2",K184="K4"),Y184="",AE184=""),EDATE(R184,12*2),AND(AO184="K5-LAW",AL184="นิติศาสตร์",OR(AE184="M2",AE184="K4"),AH184>=2,OR(AG184<AA184,AG184<R184)),EDATE(AG184,12*2),AND(AO184="K5-LAW",AL184="นิติศาสตร์",AE184="S1",AH184>=1,OR(AG184<AA184,AG184<R184)),EDATE(AG184,12),AND(AO184="K5-LAW",AL184="นิติศาสตร์",OR(Y184="M2",Y184="K4"),AB184>=2,AA184<R184),EDATE(AA184,12*2),AND(AO184="K5-LAW",AL184="นิติศาสตร์",Y184="S1",AB184>=1,AA184<R184),EDATE(AA184,12),AND(AO184="K5-LAW",AL184="นิติศาสตร์",OR(Y184="S2",Y184="K5")),AA184,AND(AO184="K5-LAW",AL184="นิติศาสตร์",OR(K184="M2",K184="K4"),U184>=2),EDATE(R184,12*2),AND(AO184="K5-LAW",AL184="นิติศาสตร์",K184="S1",U184>=1),EDATE(R184,12),AND(AO184="K5-LAW",AL184="นิติศาสตร์",OR(K184="S2",K184="K5")),R184,AND(AO184="K5-POLICY",AL184<>"นิติศาสตร์",K184="S2",Y184="",AE184=""),R184,AND(AO184="K5-POLICY",AL184<>"นิติศาสตร์",K184="S1",Y184="",AE184=""),EDATE(R184,12),AND(AO184="K5-POLICY",AL184<>"นิติศาสตร์",OR(K184="M2",K184="K4"),Y184="",AE184=""),EDATE(R184,12*2),AND(AO184="K5-POLICY",AL184<>"นิติศาสตร์",OR(AE184="M2",AE184="K4"),AH184>=2,OR(AG184<AA184,AG184<R184)),EDATE(AG184,12*2),AND(AO184="K5-POLICY",AL184<>"นิติศาสตร์",AE184="S1",AH184>=1,OR(AG184<AA184,AG184<R184)),EDATE(AG184,12),AND(AO184="K5-POLICY",AL184<>"นิติศาสตร์",OR(Y184="M2",Y184="K4"),AB184>=2,AA184<R184),EDATE(AA184,12*2),AND(AO184="K5-POLICY",AL184<>"นิติศาสตร์",Y184="S1",AB184>=1,AA184<R184),EDATE(AA184,12),AND(AO184="K5-POLICY",AL184<>"นิติศาสตร์",OR(Y184="S2",Y184="K5")),AA184,AND(AO184="K5-POLICY",AL184<>"นิติศาสตร์",OR(K184="M2",K184="K4"),U184>=2),EDATE(R184,12*2),AND(AO184="K5-POLICY",AL184<>"นิติศาสตร์",K184="S1",U184>=1),EDATE(R184,12),AND(AO184="K5-POLICY",AL184<>"นิติศาสตร์",OR(K184="S2",K184="K5")),R184,TRUE,"Check Data") | AQ184: =IFERROR(TEXT(EDATE(AP184,543*12),"dd/mm/yyyy"),"Check Data") -> Check Data | AR184: =IFERROR(IF($C$1>AP184,AP184-$C$1,DATEDIF($C$1,AP184,"d")),"Check Data") -> Check Data | AS184: =_xlfn.IFS(AR184="Check Data","Check Data",AR184>30,"ยังไม่ถึงเกณฑ์",AR184>0,"ใกล้ถึงเกณฑ์",AR184=0,"ถึงเกณฑ์",AR184<0,"ถึงเกณฑ์นานแล้ว") -> Check Data | AT184: =IF(B184="","",IF(K184="S1","S1",INDEX(#REF!,#REF!))) | AU184: =K184 -> M2 | AV184: =K184=AT184 -> FALSE
A185: 183 | D185: กรมสอบสวนคดีพิเศษ | E185: 01/04/2536 | F185: =IF(E185="","",TEXT(EDATE(E185,-543*12),"dd/mm/yyyy")) -> 01/04/1993 | G185: =IF(F185="",0,DATEDIF(F185,$C$1,"Y")) -> 32 | H185: =IF(F185="",0,DATEDIF(F185,$C$1,"YM")) -> 2 | I185: =IF(F185="",0,DATEDIF(F185,$C$1,"MD")) -> 19 | K185: M2 | L185: =IF(B185="","",IF(K185="S1",K185,INDEX(#REF!,#REF!))) | M185: =K185=L185 -> FALSE | O185: ป.ม. | P185: 2577 | Q185: 09/06/2566 | R185: =TEXT(EDATE(Q185,-543*12),"dd/mm/yyyy") -> 09/06/2023 | S185: =IF(B185="","",IF(K185="S1",K185,INDEX(#REF!,#REF!))) | T185: =Q185=S185 -> FALSE | U185: =IF(R185="",0,DATEDIF(R185,$C$1,"Y")) -> 2 | V185: =IF(R185="",0,DATEDIF(R185,$C$1,"YM")) -> 0 | W185: =IF(R185="",0,DATEDIF(R185,$C$1,"MD")) -> 11 | AA185: =IF(Z185="","",TEXT(EDATE(Z185,-543*12),"dd/mm/yyyy")) | AB185: =IF(AA185="",0,DATEDIF(AA185,R185,"Y")) -> 0 | AC185: =IF(AA185="",0,DATEDIF(AA185,R185,"YM")) -> 0 | AD185: =IF(AA185="",0,DATEDIF(AA185,R185,"MD")) -> 0 | AG185: =IF(AF185="","",TEXT(EDATE(AF185,-543*12),"dd/mm/yyyy")) | AH185: =IF(AG185="",0,DATEDIF(AG185,AA185,"Y")) -> 0 | AI185: =IF(AG185="",0,DATEDIF(AG185,AA185,"YM")) -> 0 | AJ185: =IF(AG185="",0,DATEDIF(AG185,AA185,"MD")) -> 0 | AL185: รัฐประศาสนศาสตรบัณฑิต | AM185: =IF(B185="","",IF(K185="S1",K185,INDEX(#REF!,#REF!))) | AN185: =AL185=AM185 -> FALSE | AO185: =IF(AL185="นิติศาสตร์","K5-LAW","K5-POLICY") -> K5-POLICY | AP185: =_xlfn.IFS(B185="","",AND(AO185="K5-LAW",AL185="นิติศาสตร์",K185="S2",Y185="",AE185=""),R185,AND(AO185="K5-LAW",AL185="นิติศาสตร์",K185="S1",Y185="",AE185=""),EDATE(R185,12),AND(AO185="K5-LAW",AL185="นิติศาสตร์",OR(K185="M2",K185="K4"),Y185="",AE185=""),EDATE(R185,12*2),AND(AO185="K5-LAW",AL185="นิติศาสตร์",OR(AE185="M2",AE185="K4"),AH185>=2,OR(AG185<AA185,AG185<R185)),EDATE(AG185,12*2),AND(AO185="K5-LAW",AL185="นิติศาสตร์",AE185="S1",AH185>=1,OR(AG185<AA185,AG185<R185)),EDATE(AG185,12),AND(AO185="K5-LAW",AL185="นิติศาสตร์",OR(Y185="M2",Y185="K4"),AB185>=2,AA185<R185),EDATE(AA185,12*2),AND(AO185="K5-LAW",AL185="นิติศาสตร์",Y185="S1",AB185>=1,AA185<R185),EDATE(AA185,12),AND(AO185="K5-LAW",AL185="นิติศาสตร์",OR(Y185="S2",Y185="K5")),AA185,AND(AO185="K5-LAW",AL185="นิติศาสตร์",OR(K185="M2",K185="K4"),U185>=2),EDATE(R185,12*2),AND(AO185="K5-LAW",AL185="นิติศาสตร์",K185="S1",U185>=1),EDATE(R185,12),AND(AO185="K5-LAW",AL185="นิติศาสตร์",OR(K185="S2",K185="K5")),R185,AND(AO185="K5-POLICY",AL185<>"นิติศาสตร์",K185="S2",Y185="",AE185=""),R185,AND(AO185="K5-POLICY",AL185<>"นิติศาสตร์",K185="S1",Y185="",AE185=""),EDATE(R185,12),AND(AO185="K5-POLICY",AL185<>"นิติศาสตร์",OR(K185="M2",K185="K4"),Y185="",AE185=""),EDATE(R185,12*2),AND(AO185="K5-POLICY",AL185<>"นิติศาสตร์",OR(AE185="M2",AE185="K4"),AH185>=2,OR(AG185<AA185,AG185<R185)),EDATE(AG185,12*2),AND(AO185="K5-POLICY",AL185<>"นิติศาสตร์",AE185="S1",AH185>=1,OR(AG185<AA185,AG185<R185)),EDATE(AG185,12),AND(AO185="K5-POLICY",AL185<>"นิติศาสตร์",OR(Y185="M2",Y185="K4"),AB185>=2,AA185<R185),EDATE(AA185,12*2),AND(AO185="K5-POLICY",AL185<>"นิติศาสตร์",Y185="S1",AB185>=1,AA185<R185),EDATE(AA185,12),AND(AO185="K5-POLICY",AL185<>"นิติศาสตร์",OR(Y185="S2",Y185="K5")),AA185,AND(AO185="K5-POLICY",AL185<>"นิติศาสตร์",OR(K185="M2",K185="K4"),U185>=2),EDATE(R185,12*2),AND(AO185="K5-POLICY",AL185<>"นิติศาสตร์",K185="S1",U185>=1),EDATE(R185,12),AND(AO185="K5-POLICY",AL185<>"นิติศาสตร์",OR(K185="S2",K185="K5")),R185,TRUE,"Check Data") | AQ185: =IFERROR(TEXT(EDATE(AP185,543*12),"dd/mm/yyyy"),"Check Data") -> Check Data | AR185: =IFERROR(IF($C$1>AP185,AP185-$C$1,DATEDIF($C$1,AP185,"d")),"Check Data") -> Check Data | AS185: =_xlfn.IFS(AR185="Check Data","Check Data",AR185>30,"ยังไม่ถึงเกณฑ์",AR185>0,"ใกล้ถึงเกณฑ์",AR185=0,"ถึงเกณฑ์",AR185<0,"ถึงเกณฑ์นานแล้ว") -> Check Data | AT185: =IF(B185="","",IF(K185="S1","S1",INDEX(#REF!,#REF!))) | AU185: =K185 -> M2 | AV185: =K185=AT185 -> FALSE
A186: 184 | D186: กรมสอบสวนคดีพิเศษ | E186: 29/06/2541 | F186: =IF(E186="","",TEXT(EDATE(E186,-543*12),"dd/mm/yyyy")) -> 29/06/1998 | G186: =IF(F186="",0,DATEDIF(F186,$C$1,"Y")) -> 26 | H186: =IF(F186="",0,DATEDIF(F186,$C$1,"YM")) -> 11 | I186: =IF(F186="",0,DATEDIF(F186,$C$1,"MD")) -> 22 | K186: M2 | L186: =IF(B186="","",IF(K186="S1",K186,INDEX(#REF!,#REF!))) | M186: =K186=L186 -> FALSE | O186: ท.ช. | P186: 2574 | Q186: 09/06/2566 | R186: =TEXT(EDATE(Q186,-543*12),"dd/mm/yyyy") -> 09/06/2023 | S186: =IF(B186="","",IF(K186="S1",K186,INDEX(#REF!,#REF!))) | T186: =Q186=S186 -> FALSE | U186: =IF(R186="",0,DATEDIF(R186,$C$1,"Y")) -> 2 | V186: =IF(R186="",0,DATEDIF(R186,$C$1,"YM")) -> 0 | W186: =IF(R186="",0,DATEDIF(R186,$C$1,"MD")) -> 11 | AA186: =IF(Z186="","",TEXT(EDATE(Z186,-543*12),"dd/mm/yyyy")) | AB186: =IF(AA186="",0,DATEDIF(AA186,R186,"Y")) -> 0 | AC186: =IF(AA186="",0,DATEDIF(AA186,R186,"YM")) -> 0 | AD186: =IF(AA186="",0,DATEDIF(AA186,R186,"MD")) -> 0 | AG186: =IF(AF186="","",TEXT(EDATE(AF186,-543*12),"dd/mm/yyyy")) | AH186: =IF(AG186="",0,DATEDIF(AG186,AA186,"Y")) -> 0 | AI186: =IF(AG186="",0,DATEDIF(AG186,AA186,"YM")) -> 0 | AJ186: =IF(AG186="",0,DATEDIF(AG186,AA186,"MD")) -> 0 | AL186: นิติศาสตร์ | AM186: =IF(B186="","",IF(K186="S1",K186,INDEX(#REF!,#REF!))) | AN186: =AL186=AM186 -> FALSE | AO186: =IF(AL186="นิติศาสตร์","K5-LAW","K5-POLICY") -> K5-LAW | AP186: =_xlfn.IFS(B186="","",AND(AO186="K5-LAW",AL186="นิติศาสตร์",K186="S2",Y186="",AE186=""),R186,AND(AO186="K5-LAW",AL186="นิติศาสตร์",K186="S1",Y186="",AE186=""),EDATE(R186,12),AND(AO186="K5-LAW",AL186="นิติศาสตร์",OR(K186="M2",K186="K4"),Y186="",AE186=""),EDATE(R186,12*2),AND(AO186="K5-LAW",AL186="นิติศาสตร์",OR(AE186="M2",AE186="K4"),AH186>=2,OR(AG186<AA186,AG186<R186)),EDATE(AG186,12*2),AND(AO186="K5-LAW",AL186="นิติศาสตร์",AE186="S1",AH186>=1,OR(AG186<AA186,AG186<R186)),EDATE(AG186,12),AND(AO186="K5-LAW",AL186="นิติศาสตร์",OR(Y186="M2",Y186="K4"),AB186>=2,AA186<R186),EDATE(AA186,12*2),AND(AO186="K5-LAW",AL186="นิติศาสตร์",Y186="S1",AB186>=1,AA186<R186),EDATE(AA186,12),AND(AO186="K5-LAW",AL186="นิติศาสตร์",OR(Y186="S2",Y186="K5")),AA186,AND(AO186="K5-LAW",AL186="นิติศาสตร์",OR(K186="M2",K186="K4"),U186>=2),EDATE(R186,12*2),AND(AO186="K5-LAW",AL186="นิติศาสตร์",K186="S1",U186>=1),EDATE(R186,12),AND(AO186="K5-LAW",AL186="นิติศาสตร์",OR(K186="S2",K186="K5")),R186,AND(AO186="K5-POLICY",AL186<>"นิติศาสตร์",K186="S2",Y186="",AE186=""),R186,AND(AO186="K5-POLICY",AL186<>"นิติศาสตร์",K186="S1",Y186="",AE186=""),EDATE(R186,12),AND(AO186="K5-POLICY",AL186<>"นิติศาสตร์",OR(K186="M2",K186="K4"),Y186="",AE186=""),EDATE(R186,12*2),AND(AO186="K5-POLICY",AL186<>"นิติศาสตร์",OR(AE186="M2",AE186="K4"),AH186>=2,OR(AG186<AA186,AG186<R186)),EDATE(AG186,12*2),AND(AO186="K5-POLICY",AL186<>"นิติศาสตร์",AE186="S1",AH186>=1,OR(AG186<AA186,AG186<R186)),EDATE(AG186,12),AND(AO186="K5-POLICY",AL186<>"นิติศาสตร์",OR(Y186="M2",Y186="K4"),AB186>=2,AA186<R186),EDATE(AA186,12*2),AND(AO186="K5-POLICY",AL186<>"นิติศาสตร์",Y186="S1",AB186>=1,AA186<R186),EDATE(AA186,12),AND(AO186="K5-POLICY",AL186<>"นิติศาสตร์",OR(Y186="S2",Y186="K5")),AA186,AND(AO186="K5-POLICY",AL186<>"นิติศาสตร์",OR(K186="M2",K186="K4"),U186>=2),EDATE(R186,12*2),AND(AO186="K5-POLICY",AL186<>"นิติศาสตร์",K186="S1",U186>=1),EDATE(R186,12),AND(AO186="K5-POLICY",AL186<>"นิติศาสตร์",OR(K186="S2",K186="K5")),R186,TRUE,"Check Data") | AQ186: =IFERROR(TEXT(EDATE(AP186,543*12),"dd/mm/yyyy"),"Check Data") -> Check Data | AR186: =IFERROR(IF($C$1>AP186,AP186-$C$1,DATEDIF($C$1,AP186,"d")),"Check Data") -> Check Data | AS186: =_xlfn.IFS(AR186="Check Data","Check Data",AR186>30,"ยังไม่ถึงเกณฑ์",AR186>0,"ใกล้ถึงเกณฑ์",AR186=0,"ถึงเกณฑ์",AR186<0,"ถึงเกณฑ์นานแล้ว") -> Check Data | AT186: =IF(B186="","",IF(K186="S1","S1",INDEX(#REF!,#REF!))) | AU186: =K186 -> M2 | AV186: =K186=AT186 -> FALSE
A187: 185 | D187: สำนักงานปลัดกระทรวงยุติธรรม | E187: 25/12/2544 | F187: =IF(E187="","",TEXT(EDATE(E187,-543*12),"dd/mm/yyyy")) -> 25/12/2001 | G187: =IF(F187="",0,DATEDIF(F187,$C$1,"Y")) -> 23 | H187: =IF(F187="",0,DATEDIF(F187,$C$1,"YM")) -> 5 | I187: =IF(F187="",0,DATEDIF(F187,$C$1,"MD")) -> 26 | K187: M2 | L187: =IF(B187="","",IF(K187="S1",K187,INDEX(#REF!,#REF!))) | M187: =K187=L187 -> FALSE | O187: ท.ช. | P187: 2577 | Q187: 09/06/2566 | R187: =TEXT(EDATE(Q187,-543*12),"dd/mm/yyyy") -> 09/06/2023 | S187: =IF(B187="","",IF(K187="S1",K187,INDEX(#REF!,#REF!))) | T187: =Q187=S187 -> FALSE | U187: =IF(R187="",0,DATEDIF(R187,$C$1,"Y")) -> 2 | V187: =IF(R187="",0,DATEDIF(R187,$C$1,"YM")) -> 0 | W187: =IF(R187="",0,DATEDIF(R187,$C$1,"MD")) -> 11 | AA187: =IF(Z187="","",TEXT(EDATE(Z187,-543*12),"dd/mm/yyyy")) | AB187: =IF(AA187="",0,DATEDIF(AA187,R187,"Y")) -> 0 | AC187: =IF(AA187="",0,DATEDIF(AA187,R187,"YM")) -> 0 | AD187: =IF(AA187="",0,DATEDIF(AA187,R187,"MD")) -> 0 | AG187: =IF(AF187="","",TEXT(EDATE(AF187,-543*12),"dd/mm/yyyy")) | AH187: =IF(AG187="",0,DATEDIF(AG187,AA187,"Y")) -> 0 | AI187: =IF(AG187="",0,DATEDIF(AG187,AA187,"YM")) -> 0 | AJ187: =IF(AG187="",0,DATEDIF(AG187,AA187,"MD")) -> 0 | AL187: การจัดการภาครัฐและภาคเอกชนมหาบัณฑิต | AM187: =IF(B187="","",IF(K187="S1",K187,INDEX(#REF!,#REF!))) | AN187: =AL187=AM187 -> FALSE | AO187: =IF(AL187="นิติศาสตร์","K5-LAW","K5-POLICY") -> K5-POLICY | AP187: =_xlfn.IFS(B187="","",AND(AO187="K5-LAW",AL187="นิติศาสตร์",K187="S2",Y187="",AE187=""),R187,AND(AO187="K5-LAW",AL187="นิติศาสตร์",K187="S1",Y187="",AE187=""),EDATE(R187,12),AND(AO187="K5-LAW",AL187="นิติศาสตร์",OR(K187="M2",K187="K4"),Y187="",AE187=""),EDATE(R187,12*2),AND(AO187="K5-LAW",AL187="นิติศาสตร์",OR(AE187="M2",AE187="K4"),AH187>=2,OR(AG187<AA187,AG187<R187)),EDATE(AG187,12*2),AND(AO187="K5-LAW",AL187="นิติศาสตร์",AE187="S1",AH187>=1,OR(AG187<AA187,AG187<R187)),EDATE(AG187,12),AND(AO187="K5-LAW",AL187="นิติศาสตร์",OR(Y187="M2",Y187="K4"),AB187>=2,AA187<R187),EDATE(AA187,12*2),AND(AO187="K5-LAW",AL187="นิติศาสตร์",Y187="S1",AB187>=1,AA187<R187),EDATE(AA187,12),AND(AO187="K5-LAW",AL187="นิติศาสตร์",OR(Y187="S2",Y187="K5")),AA187,AND(AO187="K5-LAW",AL187="นิติศาสตร์",OR(K187="M2",K187="K4"),U187>=2),EDATE(R187,12*2),AND(AO187="K5-LAW",AL187="นิติศาสตร์",K187="S1",U187>=1),EDATE(R187,12),AND(AO187="K5-LAW",AL187="นิติศาสตร์",OR(K187="S2",K187="K5")),R187,AND(AO187="K5-POLICY",AL187<>"นิติศาสตร์",K187="S2",Y187="",AE187=""),R187,AND(AO187="K5-POLICY",AL187<>"นิติศาสตร์",K187="S1",Y187="",AE187=""),EDATE(R187,12),AND(AO187="K5-POLICY",AL187<>"นิติศาสตร์",OR(K187="M2",K187="K4"),Y187="",AE187=""),EDATE(R187,12*2),AND(AO187="K5-POLICY",AL187<>"นิติศาสตร์",OR(AE187="M2",AE187="K4"),AH187>=2,OR(AG187<AA187,AG187<R187)),EDATE(AG187,12*2),AND(AO187="K5-POLICY",AL187<>"นิติศาสตร์",AE187="S1",AH187>=1,OR(AG187<AA187,AG187<R187)),EDATE(AG187,12),AND(AO187="K5-POLICY",AL187<>"นิติศาสตร์",OR(Y187="M2",Y187="K4"),AB187>=2,AA187<R187),EDATE(AA187,12*2),AND(AO187="K5-POLICY",AL187<>"นิติศาสตร์",Y187="S1",AB187>=1,AA187<R187),EDATE(AA187,12),AND(AO187="K5-POLICY",AL187<>"นิติศาสตร์",OR(Y187="S2",Y187="K5")),AA187,AND(AO187="K5-POLICY",AL187<>"นิติศาสตร์",OR(K187="M2",K187="K4"),U187>=2),EDATE(R187,12*2),AND(AO187="K5-POLICY",AL187<>"นิติศาสตร์",K187="S1",U187>=1),EDATE(R187,12),AND(AO187="K5-POLICY",AL187<>"นิติศาสตร์",OR(K187="S2",K187="K5")),R187,TRUE,"Check Data") | AQ187: =IFERROR(TEXT(EDATE(AP187,543*12),"dd/mm/yyyy"),"Check Data") -> Check Data | AR187: =IFERROR(IF($C$1>AP187,AP187-$C$1,DATEDIF($C$1,AP187,"d")),"Check Data") -> Check Data | AS187: =_xlfn.IFS(AR187="Check Data","Check Data",AR187>30,"ยังไม่ถึงเกณฑ์",AR187>0,"ใกล้ถึงเกณฑ์",AR187=0,"ถึงเกณฑ์",AR187<0,"ถึงเกณฑ์นานแล้ว") -> Check Data | AT187: =IF(B187="","",IF(K187="S1","S1",INDEX(#REF!,#REF!))) | AU187: =K187 -> M2 | AV187: =K187=AT187 -> FALSE
A188: 186 | D188: กรมราชทัณฑ์ | E188: 18/10/2547 | F188: =IF(E188="","",TEXT(EDATE(E188,-543*12),"dd/mm/yyyy")) -> 18/10/2004 | G188: =IF(F188="",0,DATEDIF(F188,$C$1,"Y")) -> 20 | H188: =IF(F188="",0,DATEDIF(F188,$C$1,"YM")) -> 8 | I188: =IF(F188="",0,DATEDIF(F188,$C$1,"MD")) -> 2 | K188: M2 | L188: =IF(B188="","",IF(K188="S1",K188,INDEX(#REF!,#REF!))) | M188: =K188=L188 -> FALSE | O188: ท.ช. | P188: 2582 | Q188: 09/06/2566 | R188: =TEXT(EDATE(Q188,-543*12),"dd/mm/yyyy") -> 09/06/2023 | S188: =IF(B188="","",IF(K188="S1",K188,INDEX(#REF!,#REF!))) | T188: =Q188=S188 -> FALSE | U188: =IF(R188="",0,DATEDIF(R188,$C$1,"Y")) -> 2 | V188: =IF(R188="",0,DATEDIF(R188,$C$1,"YM")) -> 0 | W188: =IF(R188="",0,DATEDIF(R188,$C$1,"MD")) -> 11 | AA188: =IF(Z188="","",TEXT(EDATE(Z188,-543*12),"dd/mm/yyyy")) | AB188: =IF(AA188="",0,DATEDIF(AA188,R188,"Y")) -> 0 | AC188: =IF(AA188="",0,DATEDIF(AA188,R188,"YM")) -> 0 | AD188: =IF(AA188="",0,DATEDIF(AA188,R188,"MD")) -> 0 | AG188: =IF(AF188="","",TEXT(EDATE(AF188,-543*12),"dd/mm/yyyy")) | AH188: =IF(AG188="",0,DATEDIF(AG188,AA188,"Y")) -> 0 | AI188: =IF(AG188="",0,DATEDIF(AG188,AA188,"YM")) -> 0 | AJ188: =IF(AG188="",0,DATEDIF(AG188,AA188,"MD")) -> 0 | AL188: รัฐศาสตรบัณฑิต / ... | AM188: =IF(B188="","",IF(K188="S1",K188,INDEX(#REF!,#REF!))) | AN188: =AL188=AM188 -> FALSE | AO188: =IF(AL188="นิติศาสตร์","K5-LAW","K5-POLICY") -> K5-POLICY | AP188: =_xlfn.IFS(B188="","",AND(AO188="K5-LAW",AL188="นิติศาสตร์",K188="S2",Y188="",AE188=""),R188,AND(AO188="K5-LAW",AL188="นิติศาสตร์",K188="S1",Y188="",AE188=""),EDATE(R188,12),AND(AO188="K5-LAW",AL188="นิติศาสตร์",OR(K188="M2",K188="K4"),Y188="",AE188=""),EDATE(R188,12*2),AND(AO188="K5-LAW",AL188="นิติศาสตร์",OR(AE188="M2",AE188="K4"),AH188>=2,OR(AG188<AA188,AG188<R188)),EDATE(AG188,12*2),AND(AO188="K5-LAW",AL188="นิติศาสตร์",AE188="S1",AH188>=1,OR(AG188<AA188,AG188<R188)),EDATE(AG188,12),AND(AO188="K5-LAW",AL188="นิติศาสตร์",OR(Y188="M2",Y188="K4"),AB188>=2,AA188<R188),EDATE(AA188,12*2),AND(AO188="K5-LAW",AL188="นิติศาสตร์",Y188="S1",AB188>=1,AA188<R188),EDATE(AA188,12),AND(AO188="K5-LAW",AL188="นิติศาสตร์",OR(Y188="S2",Y188="K5")),AA188,AND(AO188="K5-LAW",AL188="นิติศาสตร์",OR(K188="M2",K188="K4"),U188>=2),EDATE(R188,12*2),AND(AO188="K5-LAW",AL188="นิติศาสตร์",K188="S1",U188>=1),EDATE(R188,12),AND(AO188="K5-LAW",AL188="นิติศาสตร์",OR(K188="S2",K188="K5")),R188,AND(AO188="K5-POLICY",AL188<>"นิติศาสตร์",K188="S2",Y188="",AE188=""),R188,AND(AO188="K5-POLICY",AL188<>"นิติศาสตร์",K188="S1",Y188="",AE188=""),EDATE(R188,12),AND(AO188="K5-POLICY",AL188<>"นิติศาสตร์",OR(K188="M2",K188="K4"),Y188="",AE188=""),EDATE(R188,12*2),AND(AO188="K5-POLICY",AL188<>"นิติศาสตร์",OR(AE188="M2",AE188="K4"),AH188>=2,OR(AG188<AA188,AG188<R188)),EDATE(AG188,12*2),AND(AO188="K5-POLICY",AL188<>"นิติศาสตร์",AE188="S1",AH188>=1,OR(AG188<AA188,AG188<R188)),EDATE(AG188,12),AND(AO188="K5-POLICY",AL188<>"นิติศาสตร์",OR(Y188="M2",Y188="K4"),AB188>=2,AA188<R188),EDATE(AA188,12*2),AND(AO188="K5-POLICY",AL188<>"นิติศาสตร์",Y188="S1",AB188>=1,AA188<R188),EDATE(AA188,12),AND(AO188="K5-POLICY",AL188<>"นิติศาสตร์",OR(Y188="S2",Y188="K5")),AA188,AND(AO188="K5-POLICY",AL188<>"นิติศาสตร์",OR(K188="M2",K188="K4"),U188>=2),EDATE(R188,12*2),AND(AO188="K5-POLICY",AL188<>"นิติศาสตร์",K188="S1",U188>=1),EDATE(R188,12),AND(AO188="K5-POLICY",AL188<>"นิติศาสตร์",OR(K188="S2",K188="K5")),R188,TRUE,"Check Data") | AQ188: =IFERROR(TEXT(EDATE(AP188,543*12),"dd/mm/yyyy"),"Check Data") -> Check Data | AR188: =IFERROR(IF($C$1>AP188,AP188-$C$1,DATEDIF($C$1,AP188,"d")),"Check Data") -> Check Data | AS188: =_xlfn.IFS(AR188="Check Data","Check Data",AR188>30,"ยังไม่ถึงเกณฑ์",AR188>0,"ใกล้ถึงเกณฑ์",AR188=0,"ถึงเกณฑ์",AR188<0,"ถึงเกณฑ์นานแล้ว") -> Check Data | AT188: =IF(B188="","",IF(K188="S1","S1",INDEX(#REF!,#REF!))) | AU188: =K188 -> M2 | AV188: =K188=AT188 -> FALSE
A189: 187 | D189: กรมสอบสวนคดีพิเศษ | E189: 16/03/2530 | F189: =IF(E189="","",TEXT(EDATE(E189,-543*12),"dd/mm/yyyy")) -> 16/03/1987 | G189: =IF(F189="",0,DATEDIF(F189,$C$1,"Y")) -> 38 | H189: =IF(F189="",0,DATEDIF(F189,$C$1,"YM")) -> 3 | I189: =IF(F189="",0,DATEDIF(F189,$C$1,"MD")) -> 4 | K189: M2 | L189: =IF(B189="","",IF(K189="S1",K189,INDEX(#REF!,#REF!))) | M189: =K189=L189 -> FALSE | Q189: 09/06/2566 | R189: =TEXT(EDATE(Q189,-543*12),"dd/mm/yyyy") -> 09/06/2023 | S189: =IF(B189="","",IF(K189="S1",K189,INDEX(#REF!,#REF!))) | T189: =Q189=S189 -> FALSE | U189: =IF(R189="",0,DATEDIF(R189,$C$1,"Y")) -> 2 | V189: =IF(R189="",0,DATEDIF(R189,$C$1,"YM")) -> 0 | W189: =IF(R189="",0,DATEDIF(R189,$C$1,"MD")) -> 11 | Y189: K4 | Z189: 03/12/2564 | AA189: =IF(Z189="","",TEXT(EDATE(Z189,-543*12),"dd/mm/yyyy")) -> 03/12/2021 | AB189: =IF(AA189="",0,DATEDIF(AA189,R189,"Y")) -> 1 | AC189: =IF(AA189="",0,DATEDIF(AA189,R189,"YM")) -> 6 | AD189: =IF(AA189="",0,DATEDIF(AA189,R189,"MD")) -> 6 | AG189: =IF(AF189="","",TEXT(EDATE(AF189,-543*12),"dd/mm/yyyy")) | AH189: =IF(AG189="",0,DATEDIF(AG189,AA189,"Y")) -> 0 | AI189: =IF(AG189="",0,DATEDIF(AG189,AA189,"YM")) -> 0 | AJ189: =IF(AG189="",0,DATEDIF(AG189,AA189,"MD")) -> 0 | AL189: ศิลปศาสตรบัณฑิต / ... | AM189: =IF(B189="","",IF(K189="S1",K189,INDEX(#REF!,#REF!))) | AN189: =AL189=AM189 -> FALSE | AO189: =IF(AL189="นิติศาสตร์","K5-LAW","K5-POLICY") -> K5-POLICY | AP189: =_xlfn.IFS(B189="","",AND(AO189="K5-LAW",AL189="นิติศาสตร์",K189="S2",Y189="",AE189=""),R189,AND(AO189="K5-LAW",AL189="นิติศาสตร์",K189="S1",Y189="",AE189=""),EDATE(R189,12),AND(AO189="K5-LAW",AL189="นิติศาสตร์",OR(K189="M2",K189="K4"),Y189="",AE189=""),EDATE(R189,12*2),AND(AO189="K5-LAW",AL189="นิติศาสตร์",OR(AE189="M2",AE189="K4"),AH189>=2,OR(AG189<AA189,AG189<R189)),EDATE(AG189,12*2),AND(AO189="K5-LAW",AL189="นิติศาสตร์",AE189="S1",AH189>=1,OR(AG189<AA189,AG189<R189)),EDATE(AG189,12),AND(AO189="K5-LAW",AL189="นิติศาสตร์",OR(Y189="M2",Y189="K4"),AB189>=2,AA189<R189),EDATE(AA189,12*2),AND(AO189="K5-LAW",AL189="นิติศาสตร์",Y189="S1",AB189>=1,AA189<R189),EDATE(AA189,12),AND(AO189="K5-LAW",AL189="นิติศาสตร์",OR(Y189="S2",Y189="K5")),AA189,AND(AO189="K5-LAW",AL189="นิติศาสตร์",OR(K189="M2",K189="K4"),U189>=2),EDATE(R189,12*2),AND(AO189="K5-LAW",AL189="นิติศาสตร์",K189="S1",U189>=1),EDATE(R189,12),AND(AO189="K5-LAW",AL189="นิติศาสตร์",OR(K189="S2",K189="K5")),R189,AND(AO189="K5-POLICY",AL189<>"นิติศาสตร์",K189="S2",Y189="",AE189=""),R189,AND(AO189="K5-POLICY",AL189<>"นิติศาสตร์",K189="S1",Y189="",AE189=""),EDATE(R189,12),AND(AO189="K5-POLICY",AL189<>"นิติศาสตร์",OR(K189="M2",K189="K4"),Y189="",AE189=""),EDATE(R189,12*2),AND(AO189="K5-POLICY",AL189<>"นิติศาสตร์",OR(AE189="M2",AE189="K4"),AH189>=2,OR(AG189<AA189,AG189<R189)),EDATE(AG189,12*2),AND(AO189="K5-POLICY",AL189<>"นิติศาสตร์",AE189="S1",AH189>=1,OR(AG189<AA189,AG189<R189)),EDATE(AG189,12),AND(AO189="K5-POLICY",AL189<>"นิติศาสตร์",OR(Y189="M2",Y189="K4"),AB189>=2,AA189<R189),EDATE(AA189,12*2),AND(AO189="K5-POLICY",AL189<>"นิติศาสตร์",Y189="S1",AB189>=1,AA189<R189),EDATE(AA189,12),AND(AO189="K5-POLICY",AL189<>"นิติศาสตร์",OR(Y189="S2",Y189="K5")),AA189,AND(AO189="K5-POLICY",AL189<>"นิติศาสตร์",OR(K189="M2",K189="K4"),U189>=2),EDATE(R189,12*2),AND(AO189="K5-POLICY",AL189<>"นิติศาสตร์",K189="S1",U189>=1),EDATE(R189,12),AND(AO189="K5-POLICY",AL189<>"นิติศาสตร์",OR(K189="S2",K189="K5")),R189,TRUE,"Check Data") | AQ189: =IFERROR(TEXT(EDATE(AP189,543*12),"dd/mm/yyyy"),"Check Data") -> Check Data | AR189: =IFERROR(IF($C$1>AP189,AP189-$C$1,DATEDIF($C$1,AP189,"d")),"Check Data") -> Check Data | AS189: =_xlfn.IFS(AR189="Check Data","Check Data",AR189>30,"ยังไม่ถึงเกณฑ์",AR189>0,"ใกล้ถึงเกณฑ์",AR189=0,"ถึงเกณฑ์",AR189<0,"ถึงเกณฑ์นานแล้ว") -> Check Data | AT189: =IF(B189="","",IF(K189="S1","S1",INDEX(#REF!,#REF!))) | AU189: =K189 -> M2 | AV189: =K189=AT189 -> FALSE
A190: 188 | D190: กรมสอบสวนคดีพิเศษ | E190: 08/09/2543 | F190: =IF(E190="","",TEXT(EDATE(E190,-543*12),"dd/mm/yyyy")) -> 08/09/2000 | G190: =IF(F190="",0,DATEDIF(F190,$C$1,"Y")) -> 24 | H190: =IF(F190="",0,DATEDIF(F190,$C$1,"YM")) -> 9 | I190: =IF(F190="",0,DATEDIF(F190,$C$1,"MD")) -> 12 | K190: M2 | L190: =IF(B190="","",IF(K190="S1",K190,INDEX(#REF!,#REF!))) | M190: =K190=L190 -> FALSE | O190: ท.ช. | P190: 2580 | Q190: 21/07/2566 | R190: =TEXT(EDATE(Q190,-543*12),"dd/mm/yyyy") -> 21/07/2023 | S190: =IF(B190="","",IF(K190="S1",K190,INDEX(#REF!,#REF!))) | T190: =Q190=S190 -> FALSE | U190: =IF(R190="",0,DATEDIF(R190,$C$1,"Y")) -> 1 | V190: =IF(R190="",0,DATEDIF(R190,$C$1,"YM")) -> 10 | W190: =IF(R190="",0,DATEDIF(R190,$C$1,"MD")) -> 30 | AA190: =IF(Z190="","",TEXT(EDATE(Z190,-543*12),"dd/mm/yyyy")) | AB190: =IF(AA190="",0,DATEDIF(AA190,R190,"Y")) -> 0 | AC190: =IF(AA190="",0,DATEDIF(AA190,R190,"YM")) -> 0 | AD190: =IF(AA190="",0,DATEDIF(AA190,R190,"MD")) -> 0 | AG190: =IF(AF190="","",TEXT(EDATE(AF190,-543*12),"dd/mm/yyyy")) | AH190: =IF(AG190="",0,DATEDIF(AG190,AA190,"Y")) -> 0 | AI190: =IF(AG190="",0,DATEDIF(AG190,AA190,"YM")) -> 0 | AJ190: =IF(AG190="",0,DATEDIF(AG190,AA190,"MD")) -> 0 | AL190: นิติศาสตร์ | AM190: =IF(B190="","",IF(K190="S1",K190,INDEX(#REF!,#REF!))) | AN190: =AL190=AM190 -> FALSE | AO190: =IF(AL190="นิติศาสตร์","K5-LAW","K5-POLICY") -> K5-LAW | AP190: =_xlfn.IFS(B190="","",AND(AO190="K5-LAW",AL190="นิติศาสตร์",K190="S2",Y190="",AE190=""),R190,AND(AO190="K5-LAW",AL190="นิติศาสตร์",K190="S1",Y190="",AE190=""),EDATE(R190,12),AND(AO190="K5-LAW",AL190="นิติศาสตร์",OR(K190="M2",K190="K4"),Y190="",AE190=""),EDATE(R190,12*2),AND(AO190="K5-LAW",AL190="นิติศาสตร์",OR(AE190="M2",AE190="K4"),AH190>=2,OR(AG190<AA190,AG190<R190)),EDATE(AG190,12*2),AND(AO190="K5-LAW",AL190="นิติศาสตร์",AE190="S1",AH190>=1,OR(AG190<AA190,AG190<R190)),EDATE(AG190,12),AND(AO190="K5-LAW",AL190="นิติศาสตร์",OR(Y190="M2",Y190="K4"),AB190>=2,AA190<R190),EDATE(AA190,12*2),AND(AO190="K5-LAW",AL190="นิติศาสตร์",Y190="S1",AB190>=1,AA190<R190),EDATE(AA190,12),AND(AO190="K5-LAW",AL190="นิติศาสตร์",OR(Y190="S2",Y190="K5")),AA190,AND(AO190="K5-LAW",AL190="นิติศาสตร์",OR(K190="M2",K190="K4"),U190>=2),EDATE(R190,12*2),AND(AO190="K5-LAW",AL190="นิติศาสตร์",K190="S1",U190>=1),EDATE(R190,12),AND(AO190="K5-LAW",AL190="นิติศาสตร์",OR(K190="S2",K190="K5")),R190,AND(AO190="K5-POLICY",AL190<>"นิติศาสตร์",K190="S2",Y190="",AE190=""),R190,AND(AO190="K5-POLICY",AL190<>"นิติศาสตร์",K190="S1",Y190="",AE190=""),EDATE(R190,12),AND(AO190="K5-POLICY",AL190<>"นิติศาสตร์",OR(K190="M2",K190="K4"),Y190="",AE190=""),EDATE(R190,12*2),AND(AO190="K5-POLICY",AL190<>"นิติศาสตร์",OR(AE190="M2",AE190="K4"),AH190>=2,OR(AG190<AA190,AG190<R190)),EDATE(AG190,12*2),AND(AO190="K5-POLICY",AL190<>"นิติศาสตร์",AE190="S1",AH190>=1,OR(AG190<AA190,AG190<R190)),EDATE(AG190,12),AND(AO190="K5-POLICY",AL190<>"นิติศาสตร์",OR(Y190="M2",Y190="K4"),AB190>=2,AA190<R190),EDATE(AA190,12*2),AND(AO190="K5-POLICY",AL190<>"นิติศาสตร์",Y190="S1",AB190>=1,AA190<R190),EDATE(AA190,12),AND(AO190="K5-POLICY",AL190<>"นิติศาสตร์",OR(Y190="S2",Y190="K5")),AA190,AND(AO190="K5-POLICY",AL190<>"นิติศาสตร์",OR(K190="M2",K190="K4"),U190>=2),EDATE(R190,12*2),AND(AO190="K5-POLICY",AL190<>"นิติศาสตร์",K190="S1",U190>=1),EDATE(R190,12),AND(AO190="K5-POLICY",AL190<>"นิติศาสตร์",OR(K190="S2",K190="K5")),R190,TRUE,"Check Data") | AQ190: =IFERROR(TEXT(EDATE(AP190,543*12),"dd/mm/yyyy"),"Check Data") -> Check Data | AR190: =IFERROR(IF($C$1>AP190,AP190-$C$1,DATEDIF($C$1,AP190,"d")),"Check Data") -> Check Data | AS190: =_xlfn.IFS(AR190="Check Data","Check Data",AR190>30,"ยังไม่ถึงเกณฑ์",AR190>0,"ใกล้ถึงเกณฑ์",AR190=0,"ถึงเกณฑ์",AR190<0,"ถึงเกณฑ์นานแล้ว") -> Check Data | AT190: =IF(B190="","",IF(K190="S1","S1",INDEX(#REF!,#REF!))) | AU190: =K190 -> M2 | AV190: =K190=AT190 -> FALSE
